,AAPL,MSFT,AMZN,GOOGL,TSLA,NVDA
2021-04-13,0.16666666666666666,0.16666666666666666,0.16666666666666666,0.16666666666666666,0.16666666666666666,0.16666666666666666
2021-04-14,0.16666666666666666,0.16666666666666666,0.16666666666666666,0.16666666666666666,0.16666666666666666,0.16666666666666666
2021-04-15,0.16666666666666666,0.16666666666666666,0.16666666666666666,0.16666666666666666,0.16666666666666666,0.16666666666666666
2021-04-16,0.16666666666666666,0.16666666666666666,0.16666666666666666,0.16666666666666666,0.16666666666666666,0.16666666666666666
2021-04-19,0.16666666666666666,0.16666666666666666,0.16666666666666666,0.16666666666666666,0.16666666666666666,0.16666666666666666
2021-04-20,0.16666666666666666,0.16666666666666666,0.16666666666666666,0.16666666666666666,0.16666666666666666,0.16666666666666666
2021-04-21,0.16666666666666666,0.16666666666666666,0.16666666666666666,0.16666666666666666,0.16666666666666666,0.16666666666666666
2021-04-22,0.16666666666666666,0.16666666666666666,0.16666666666666666,0.16666666666666666,0.16666666666666666,0.16666666666666666
2021-04-23,0.16666666666666666,0.16666666666666666,0.16666666666666666,0.16666666666666666,0.16666666666666666,0.16666666666666666
2021-04-26,0.16666666666666666,0.16666666666666666,0.16666666666666666,0.16666666666666666,0.16666666666666666,0.16666666666666666
2021-04-27,0.0,0.00918663282806711,0.4258301601479027,0.09986024960370933,0.4651229574203208,0.0
2021-04-28,0.0,0.25,0.25,0.25,0.25,0.0
2021-04-29,0.0,0.25,0.25,0.25,0.25,0.0
2021-04-30,0.0,0.5,0.0,0.5,0.0,0.0
2021-05-03,0.0,0.3333333333333333,0.0,0.3333333333333333,0.3333333333333333,0.0
2021-05-04,0.3333333333333333,0.3333333333333333,0.3333333333333333,0.0,0.0,0.0
2021-05-05,0.3333333333333333,0.3333333333333333,0.3333333333333333,0.0,0.0,0.0
2021-05-06,0.3333333333333333,0.3333333333333333,0.3333333333333333,0.0,0.0,0.0
2021-05-07,0.5,0.0,0.5,0.0,0.0,0.0
2021-05-10,0.5,0.0,0.5,0.0,0.0,0.0
2021-05-11,0.25,0.25,0.25,0.0,0.25,0.0
2021-05-12,0.0,0.3333333333333333,0.3333333333333333,0.3333333333333333,0.0,0.0
2021-05-13,0.2,0.2,0.2,0.2,0.2,0.0
2021-05-14,0.3333333333333333,0.0,0.3333333333333333,0.0,0.3333333333333333,0.0
2021-05-17,0.3333333333333333,0.0,0.3333333333333333,0.0,0.3333333333333333,0.0
2021-05-18,0.25,0.25,0.25,0.0,0.25,0.0
2021-05-19,0.3333333333333333,0.0,0.3333333333333333,0.0,0.3333333333333333,0.0
2021-05-20,0.3333333333333333,0.0,0.3333333333333333,0.0,0.3333333333333333,0.0
2021-05-21,0.3333333333333333,0.0,0.3333333333333333,0.0,0.3333333333333333,0.0
2021-05-24,0.3333333333333333,0.0,0.3333333333333333,0.0,0.3333333333333333,0.0
2021-05-25,0.3333333333333333,0.0,0.3333333333333333,0.0,0.3333333333333333,0.0
2021-05-26,0.3333333333333333,0.0,0.3333333333333333,0.0,0.3333333333333333,0.0
2021-05-27,0.3333333333333333,0.0,0.3333333333333333,0.0,0.3333333333333333,0.0
2021-05-28,0.3333333333333333,0.0,0.3333333333333333,0.0,0.3333333333333333,0.0
2021-06-01,0.3333333333333333,0.0,0.3333333333333333,0.0,0.3333333333333333,0.0
2021-06-02,0.3333333333333333,0.0,0.0,0.0,0.3333333333333333,0.3333333333333333
2021-06-03,0.3333333333333333,0.0,0.3333333333333333,0.0,0.3333333333333333,0.0
2021-06-04,0.0,0.3333333333333333,0.3333333333333333,0.0,0.3333333333333333,0.0
2021-06-07,0.0,0.23998175663444962,0.7405558539850222,0.0,0.019462389380528154,0.0
2021-06-08,0.16666666666666666,0.16666666666666666,0.16666666666666666,0.16666666666666666,0.16666666666666666,0.16666666666666666
2021-06-09,0.16666666666666666,0.16666666666666666,0.16666666666666666,0.16666666666666666,0.16666666666666666,0.16666666666666666
2021-06-10,0.16666666666666666,0.16666666666666666,0.16666666666666666,0.16666666666666666,0.16666666666666666,0.16666666666666666
2021-06-11,0.16666666666666666,0.16666666666666666,0.16666666666666666,0.16666666666666666,0.16666666666666666,0.16666666666666666
2021-06-14,0.16666666666666666,0.16666666666666666,0.16666666666666666,0.16666666666666666,0.16666666666666666,0.16666666666666666
2021-06-15,0.0,0.0,0.2739111950501218,0.0,0.5791854173943739,0.14690338755550442
2021-06-16,0.16666666666666666,0.16666666666666666,0.16666666666666666,0.16666666666666666,0.16666666666666666,0.16666666666666666
2021-06-17,0.16666666666666666,0.16666666666666666,0.16666666666666666,0.16666666666666666,0.16666666666666666,0.16666666666666666
2021-06-18,0.16666666666666666,0.16666666666666666,0.16666666666666666,0.16666666666666666,0.16666666666666666,0.16666666666666666
2021-06-21,0.16666666666666666,0.16666666666666666,0.16666666666666666,0.16666666666666666,0.16666666666666666,0.16666666666666666
2021-06-22,0.16666666666666666,0.16666666666666666,0.16666666666666666,0.16666666666666666,0.16666666666666666,0.16666666666666666
2021-06-23,0.16666666666666666,0.16666666666666666,0.16666666666666666,0.16666666666666666,0.16666666666666666,0.16666666666666666
2021-06-24,0.16666666666666666,0.16666666666666666,0.16666666666666666,0.16666666666666666,0.16666666666666666,0.16666666666666666
2021-06-25,0.16666666666666666,0.16666666666666666,0.16666666666666666,0.16666666666666666,0.16666666666666666,0.16666666666666666
2021-06-28,0.16666666666666666,0.16666666666666666,0.16666666666666666,0.16666666666666666,0.16666666666666666,0.16666666666666666
2021-06-29,0.16666666666666666,0.16666666666666666,0.16666666666666666,0.16666666666666666,0.16666666666666666,0.16666666666666666
2021-06-30,0.16666666666666666,0.16666666666666666,0.16666666666666666,0.16666666666666666,0.16666666666666666,0.16666666666666666
2021-07-01,0.16666666666666666,0.16666666666666666,0.16666666666666666,0.16666666666666666,0.16666666666666666,0.16666666666666666
2021-07-02,0.16666666666666666,0.16666666666666666,0.16666666666666666,0.16666666666666666,0.16666666666666666,0.16666666666666666
2021-07-06,0.16666666666666666,0.16666666666666666,0.16666666666666666,0.16666666666666666,0.16666666666666666,0.16666666666666666
2021-07-07,0.16666666666666666,0.16666666666666666,0.16666666666666666,0.16666666666666666,0.16666666666666666,0.16666666666666666
2021-07-08,0.16666666666666666,0.16666666666666666,0.16666666666666666,0.16666666666666666,0.16666666666666666,0.16666666666666666
2021-07-09,0.16666666666666666,0.16666666666666666,0.16666666666666666,0.16666666666666666,0.16666666666666666,0.16666666666666666
2021-07-12,0.16666666666666666,0.16666666666666666,0.16666666666666666,0.16666666666666666,0.16666666666666666,0.16666666666666666
2021-07-13,0.16666666666666666,0.16666666666666666,0.16666666666666666,0.16666666666666666,0.16666666666666666,0.16666666666666666
2021-07-14,0.4724728659647487,0.06653649248351841,0.11538397770345847,0.0,0.3456066638482744,0.0
2021-07-15,0.5,0.0,0.0,0.0,0.0,0.5
2021-07-16,0.0,0.0,0.0,0.5,0.0,0.5
2021-07-19,0.3333333333333333,0.0,0.0,0.0,0.3333333333333333,0.3333333333333333
2021-07-20,0.3333333333333333,0.0,0.0,0.3333333333333333,0.0,0.3333333333333333
2021-07-21,0.3333333333333333,0.0,0.0,0.0,0.3333333333333333,0.3333333333333333
2021-07-22,0.25,0.25,0.25,0.0,0.25,0.0
2021-07-23,0.0,0.3333333333333333,0.3333333333333333,0.0,0.3333333333333333,0.0
2021-07-26,0.25,0.0,0.0,0.25,0.25,0.25
2021-07-27,0.25,0.25,0.0,0.0,0.25,0.25
2021-07-28,0.2,0.2,0.2,0.0,0.2,0.2
2021-07-29,0.0,0.36006504840951736,0.5598760576867747,0.0,0.08005889390370777,0.0
2021-07-30,0.0,0.3333333333333333,0.3333333333333333,0.0,0.3333333333333333,0.0
2021-08-02,0.0,0.3333333333333333,0.3333333333333333,0.0,0.3333333333333333,0.0
2021-08-03,0.08436422218213972,0.0,0.9156357778178603,0.0,0.0,0.0
2021-08-04,0.1292232380167242,0.0,0.8707767619832758,0.0,0.0,0.0
2021-08-05,0.08593137573473832,0.0,0.9140686242652617,0.0,0.0,0.0
2021-08-06,0.5,0.0,0.5,0.0,0.0,0.0
2021-08-09,0.5,0.0,0.5,0.0,0.0,0.0
2021-08-10,0.3333333333333333,0.0,0.3333333333333333,0.0,0.0,0.3333333333333333
2021-08-11,0.3333333333333333,0.0,0.3333333333333333,0.0,0.0,0.3333333333333333
2021-08-12,0.21748486237803574,0.0,0.7825151376219642,0.0,0.0,0.0
2021-08-13,0.2523312271856815,0.0,0.7476687728143184,0.0,0.0,0.0
2021-08-16,0.3333333333333333,0.0,0.3333333333333333,0.0,0.0,0.3333333333333333
2021-08-17,0.3333333333333333,0.0,0.3333333333333333,0.0,0.0,0.3333333333333333
2021-08-18,0.3333333333333333,0.0,0.3333333333333333,0.0,0.0,0.3333333333333333
2021-08-19,0.25,0.0,0.25,0.0,0.25,0.25
2021-08-20,0.25,0.0,0.25,0.0,0.25,0.25
2021-08-23,0.0,0.0,0.9701864585779177,0.0,0.02981354142208234,0.0
2021-08-24,0.0,0.0,0.9794061554419269,0.0,0.020593844558073136,0.0
2021-08-25,0.2802896623006094,0.0,0.5916057197967494,0.0,0.04851908766225882,0.07958553024038224
2021-08-26,0.25,0.0,0.25,0.0,0.25,0.25
2021-08-27,0.16666666666666666,0.16666666666666666,0.16666666666666666,0.16666666666666666,0.16666666666666666,0.16666666666666666
2021-08-30,0.16666666666666666,0.16666666666666666,0.16666666666666666,0.16666666666666666,0.16666666666666666,0.16666666666666666
2021-08-31,0.16666666666666666,0.16666666666666666,0.16666666666666666,0.16666666666666666,0.16666666666666666,0.16666666666666666
2021-09-01,0.16666666666666666,0.16666666666666666,0.16666666666666666,0.16666666666666666,0.16666666666666666,0.16666666666666666
2021-09-02,0.16666666666666666,0.16666666666666666,0.16666666666666666,0.16666666666666666,0.16666666666666666,0.16666666666666666
2021-09-03,0.16666666666666666,0.16666666666666666,0.16666666666666666,0.16666666666666666,0.16666666666666666,0.16666666666666666
2021-09-07,0.16666666666666666,0.16666666666666666,0.16666666666666666,0.16666666666666666,0.16666666666666666,0.16666666666666666
2021-09-08,0.16666666666666666,0.16666666666666666,0.16666666666666666,0.16666666666666666,0.16666666666666666,0.16666666666666666
2021-09-09,0.0,0.7250293594905082,0.1217138541548948,0.11004376970636617,0.043213016648230865,0.0
2021-09-10,0.0,0.3333333333333333,0.0,0.3333333333333333,0.3333333333333333,0.0
2021-09-13,0.0,0.3333333333333333,0.3333333333333333,0.0,0.3333333333333333,0.0
2021-09-14,0.8527533165484317,0.0,0.0,0.0,0.0,0.1472466834515683
2021-09-15,0.9228141674892081,0.0,0.0,0.0,0.0,0.0771858325107919
2021-09-16,0.9178364990454453,0.0,0.0,0.009259943851049923,0.0,0.07290355710350489
2021-09-17,0.3333333333333333,0.0,0.0,0.3333333333333333,0.0,0.3333333333333333
2021-09-20,0.25,0.25,0.0,0.25,0.0,0.25
2021-09-21,0.2,0.2,0.2,0.2,0.0,0.2
2021-09-22,0.3333333333333333,0.0,0.3333333333333333,0.3333333333333333,0.0,0.0
2021-09-23,0.3333333333333333,0.0,0.3333333333333333,0.3333333333333333,0.0,0.0
2021-09-24,0.3333333333333333,0.0,0.3333333333333333,0.3333333333333333,0.0,0.0
2021-09-27,0.3333333333333333,0.3333333333333333,0.3333333333333333,0.0,0.0,0.0
2021-09-28,0.25,0.25,0.25,0.25,0.0,0.0
2021-09-29,0.0,0.0,0.5,0.5,0.0,0.0
2021-09-30,0.3333333333333333,0.0,0.3333333333333333,0.3333333333333333,0.0,0.0
2021-10-01,0.3333333333333333,0.0,0.3333333333333333,0.3333333333333333,0.0,0.0
2021-10-04,0.3333333333333333,0.0,0.3333333333333333,0.3333333333333333,0.0,0.0
2021-10-05,0.3333333333333333,0.0,0.3333333333333333,0.3333333333333333,0.0,0.0
2021-10-06,0.3333333333333333,0.0,0.3333333333333333,0.3333333333333333,0.0,0.0
2021-10-07,0.5,0.0,0.5,0.0,0.0,0.0
2021-10-08,0.5,0.0,0.5,0.0,0.0,0.0
2021-10-11,0.5,0.0,0.5,0.0,0.0,0.0
2021-10-12,0.3333333333333333,0.0,0.3333333333333333,0.3333333333333333,0.0,0.0
2021-10-13,0.3333333333333333,0.0,0.3333333333333333,0.3333333333333333,0.0,0.0
2021-10-14,0.16503674857918826,0.0,0.8349632514208117,0.0,0.0,0.0
2021-10-15,0.16666666666666666,0.16666666666666666,0.16666666666666666,0.16666666666666666,0.16666666666666666,0.16666666666666666
2021-10-18,0.16666666666666666,0.16666666666666666,0.16666666666666666,0.16666666666666666,0.16666666666666666,0.16666666666666666
2021-10-19,0.16666666666666666,0.16666666666666666,0.16666666666666666,0.16666666666666666,0.16666666666666666,0.16666666666666666
2021-10-20,0.16666666666666666,0.16666666666666666,0.16666666666666666,0.16666666666666666,0.16666666666666666,0.16666666666666666
2021-10-21,0.16666666666666666,0.16666666666666666,0.16666666666666666,0.16666666666666666,0.16666666666666666,0.16666666666666666
2021-10-22,0.0,0.0,0.0,0.8026572152051602,0.166609842511896,0.030732942282943806
2021-10-25,0.0,0.0,0.0,0.9767713163266815,0.004689800648350173,0.018538883024968457
2021-10-26,0.16666666666666666,0.16666666666666666,0.16666666666666666,0.16666666666666666,0.16666666666666666,0.16666666666666666
2021-10-27,0.16666666666666666,0.16666666666666666,0.16666666666666666,0.16666666666666666,0.16666666666666666,0.16666666666666666
2021-10-28,0.16666666666666666,0.16666666666666666,0.16666666666666666,0.16666666666666666,0.16666666666666666,0.16666666666666666
2021-10-29,0.16666666666666666,0.16666666666666666,0.16666666666666666,0.16666666666666666,0.16666666666666666,0.16666666666666666
2021-11-01,0.0,0.3333266850003059,0.6614061511516023,0.0,0.0052671638480918225,0.0
2021-11-02,0.0,0.31322319517175595,0.686776804828244,0.0,0.0,0.0
2021-11-03,0.16666666666666666,0.16666666666666666,0.16666666666666666,0.16666666666666666,0.16666666666666666,0.16666666666666666
2021-11-04,0.16666666666666666,0.16666666666666666,0.16666666666666666,0.16666666666666666,0.16666666666666666,0.16666666666666666
2021-11-05,0.16666666666666666,0.16666666666666666,0.16666666666666666,0.16666666666666666,0.16666666666666666,0.16666666666666666
2021-11-08,0.16666666666666666,0.16666666666666666,0.16666666666666666,0.16666666666666666,0.16666666666666666,0.16666666666666666
2021-11-09,0.16666666666666666,0.16666666666666666,0.16666666666666666,0.16666666666666666,0.16666666666666666,0.16666666666666666
2021-11-10,0.8670800143491904,0.0,0.0,0.09377763187425582,0.0,0.03914235377655385
2021-11-11,0.8054587288747166,0.0,0.0,0.14514882436803986,0.0,0.049392446757243545
2021-11-12,0.0,0.0,0.5004015594704141,0.14676308738180677,0.3528353531477792,0.0
2021-11-15,0.0,0.0,0.5203561828719824,0.1291615025201246,0.350482314607893,0.0
2021-11-16,0.0,0.0,0.5528477566036509,0.12109348979285059,0.3260587536034985,0.0
2021-11-17,0.16666666666666666,0.16666666666666666,0.16666666666666666,0.16666666666666666,0.16666666666666666,0.16666666666666666
2021-11-18,0.16666666666666666,0.16666666666666666,0.16666666666666666,0.16666666666666666,0.16666666666666666,0.16666666666666666
2021-11-19,0.16666666666666666,0.16666666666666666,0.16666666666666666,0.16666666666666666,0.16666666666666666,0.16666666666666666
2021-11-22,0.1137271786493923,0.0,0.0,0.8034240225134243,0.0434143804396878,0.0394344183974957
2021-11-23,0.25,0.0,0.0,0.25,0.25,0.25
2021-11-24,0.25,0.0,0.0,0.25,0.25,0.25
2021-11-26,0.0,0.0,0.0,0.5,0.5,0.0
2021-11-29,0.05443211098695126,0.0,0.0,0.8623996186062229,0.04588077928737824,0.03728749111944759
2021-11-30,0.0,0.0,0.0,0.5,0.5,0.0
2021-12-01,0.0,0.0,0.0,0.5,0.5,0.0
2021-12-02,0.0,0.3333333333333333,0.3333333333333333,0.0,0.3333333333333333,0.0
2021-12-03,0.0,0.3333333333333333,0.3333333333333333,0.0,0.3333333333333333,0.0
2021-12-06,0.0,0.3333333333333333,0.3333333333333333,0.0,0.3333333333333333,0.0
2021-12-07,0.0,0.0,0.5,0.0,0.5,0.0
2021-12-08,0.0,0.0,0.3333333333333333,0.3333333333333333,0.3333333333333333,0.0
2021-12-09,0.0,0.3333333333333333,0.3333333333333333,0.0,0.3333333333333333,0.0
2021-12-10,0.0,0.3333333333333333,0.3333333333333333,0.0,0.3333333333333333,0.0
2021-12-13,0.0,0.3333333333333333,0.3333333333333333,0.0,0.3333333333333333,0.0
2021-12-14,0.0,0.3333333333333333,0.3333333333333333,0.0,0.3333333333333333,0.0
2021-12-15,0.0,0.3333333333333333,0.3333333333333333,0.0,0.3333333333333333,0.0
2021-12-16,0.0,0.3333333333333333,0.3333333333333333,0.0,0.3333333333333333,0.0
2021-12-17,0.0,0.25,0.25,0.25,0.25,0.0
2021-12-20,0.0,0.3333333333333333,0.3333333333333333,0.0,0.3333333333333333,0.0
2021-12-21,0.0,0.25,0.25,0.25,0.25,0.0
2021-12-22,0.0,0.0,1.0,0.0,0.0,0.0
2021-12-23,0.0,0.0,1.0,0.0,0.0,0.0
2021-12-27,0.0,0.012173871114358229,0.9878261288856418,0.0,0.0,0.0
2021-12-28,0.0,0.0,1.0,0.0,0.0,0.0
2021-12-29,0.0,0.12115194023858092,0.8625414319162629,0.01630662784515617,0.0,0.0
2021-12-30,0.0,0.5,0.5,0.0,0.0,0.0
2021-12-31,0.0,0.3333333333333333,0.3333333333333333,0.3333333333333333,0.0,0.0
2022-01-03,0.0,0.0,0.5,0.5,0.0,0.0
2022-01-04,0.0,0.3333333333333333,0.3333333333333333,0.3333333333333333,0.0,0.0
2022-01-05,0.0,0.3333333333333333,0.3333333333333333,0.3333333333333333,0.0,0.0
2022-01-06,0.3333333333333333,0.0,0.3333333333333333,0.3333333333333333,0.0,0.0
2022-01-07,0.3333333333333333,0.0,0.3333333333333333,0.3333333333333333,0.0,0.0
2022-01-10,0.0,0.0,0.5,0.5,0.0,0.0
2022-01-11,0.0,0.3333333333333333,0.3333333333333333,0.3333333333333333,0.0,0.0
2022-01-12,0.0,0.5,0.5,0.0,0.0,0.0
2022-01-13,0.0,0.3333333333333333,0.3333333333333333,0.3333333333333333,0.0,0.0
2022-01-14,0.0,0.3333333333333333,0.3333333333333333,0.3333333333333333,0.0,0.0
2022-01-18,0.3333333333333333,0.0,0.3333333333333333,0.3333333333333333,0.0,0.0
2022-01-19,0.3333333333333333,0.0,0.3333333333333333,0.3333333333333333,0.0,0.0
2022-01-20,0.3333333333333333,0.0,0.3333333333333333,0.3333333333333333,0.0,0.0
2022-01-21,0.3333333333333333,0.0,0.3333333333333333,0.3333333333333333,0.0,0.0
2022-01-24,0.3333333333333333,0.0,0.3333333333333333,0.3333333333333333,0.0,0.0
2022-01-25,0.3333333333333333,0.0,0.3333333333333333,0.3333333333333333,0.0,0.0
2022-01-26,0.3333333333333333,0.0,0.3333333333333333,0.3333333333333333,0.0,0.0
2022-01-27,0.5,0.0,0.0,0.5,0.0,0.0
2022-01-28,0.0,0.0,0.25,0.25,0.25,0.25
2022-01-31,0.0,0.0,0.25,0.25,0.25,0.25
2022-02-01,0.0,0.25,0.25,0.0,0.25,0.25
2022-02-02,0.0,0.0,0.3333333333333333,0.3333333333333333,0.3333333333333333,0.0
2022-02-03,0.0,0.3333333333333333,0.3333333333333333,0.0,0.3333333333333333,0.0
2022-02-04,0.0,0.0,0.0,0.0,0.0,1.0
2022-02-07,0.0,0.5,0.0,0.0,0.5,0.0
2022-02-08,0.088333656379919,0.02877187058535653,0.0150001088256194,0.34058154566298066,0.5273128185461242,0.0
2022-02-09,0.0,0.14108795117444872,0.0,0.2832251365501685,0.5756869122753827,0.0
2022-02-10,0.0,0.3333333333333333,0.0,0.3333333333333333,0.3333333333333333,0.0
2022-02-11,0.0,0.5,0.0,0.0,0.5,0.0
2022-02-14,0.0,0.5,0.0,0.0,0.5,0.0
2022-02-15,0.0,0.9089833601199577,0.0,0.0,0.09101663988004233,0.0
2022-02-16,0.0,0.9071928763995643,0.0,0.0,0.0928071236004358,0.0
2022-02-17,0.0,0.5,0.0,0.0,0.5,0.0
2022-02-18,0.0,0.5,0.0,0.0,0.5,0.0
2022-02-22,0.0,0.5,0.0,0.0,0.5,0.0
2022-02-23,0.3333333333333333,0.3333333333333333,0.0,0.0,0.3333333333333333,0.0
2022-02-24,0.25,0.25,0.0,0.25,0.25,0.0
2022-02-25,0.3333333333333333,0.0,0.0,0.3333333333333333,0.3333333333333333,0.0
2022-02-28,0.5,0.0,0.5,0.0,0.0,0.0
2022-03-01,0.5,0.0,0.5,0.0,0.0,0.0
2022-03-02,0.3333333333333333,0.0,0.3333333333333333,0.3333333333333333,0.0,0.0
2022-03-03,0.3333333333333333,0.0,0.3333333333333333,0.3333333333333333,0.0,0.0
2022-03-04,0.3333333333333333,0.0,0.3333333333333333,0.3333333333333333,0.0,0.0
2022-03-07,0.3333333333333333,0.0,0.3333333333333333,0.3333333333333333,0.0,0.0
2022-03-08,0.25,0.25,0.25,0.25,0.0,0.0
2022-03-09,0.3333333333333333,0.0,0.3333333333333333,0.0,0.0,0.3333333333333333
2022-03-10,0.5,0.0,0.5,0.0,0.0,0.0
2022-03-11,0.5,0.0,0.5,0.0,0.0,0.0
2022-03-14,0.3333333333333333,0.0,0.3333333333333333,0.3333333333333333,0.0,0.0
2022-03-15,0.3333333333333333,0.0,0.3333333333333333,0.3333333333333333,0.0,0.0
2022-03-16,0.8402137496550579,0.0,0.15978625034494215,0.0,0.0,0.0
2022-03-17,0.8548327856343749,0.0,0.14516721436562502,0.0,0.0,0.0
2022-03-18,0.16666666666666666,0.16666666666666666,0.16666666666666666,0.16666666666666666,0.16666666666666666,0.16666666666666666
2022-03-21,0.16666666666666666,0.16666666666666666,0.16666666666666666,0.16666666666666666,0.16666666666666666,0.16666666666666666
2022-03-22,0.16666666666666666,0.16666666666666666,0.16666666666666666,0.16666666666666666,0.16666666666666666,0.16666666666666666
2022-03-23,0.16666666666666666,0.16666666666666666,0.16666666666666666,0.16666666666666666,0.16666666666666666,0.16666666666666666
2022-03-24,0.16666666666666666,0.16666666666666666,0.16666666666666666,0.16666666666666666,0.16666666666666666,0.16666666666666666
2022-03-25,0.16666666666666666,0.16666666666666666,0.16666666666666666,0.16666666666666666,0.16666666666666666,0.16666666666666666
2022-03-28,0.16666666666666666,0.16666666666666666,0.16666666666666666,0.16666666666666666,0.16666666666666666,0.16666666666666666
2022-03-29,0.16666666666666666,0.16666666666666666,0.16666666666666666,0.16666666666666666,0.16666666666666666,0.16666666666666666
2022-03-30,0.16666666666666666,0.16666666666666666,0.16666666666666666,0.16666666666666666,0.16666666666666666,0.16666666666666666
2022-03-31,0.16666666666666666,0.16666666666666666,0.16666666666666666,0.16666666666666666,0.16666666666666666,0.16666666666666666
2022-04-01,0.16666666666666666,0.16666666666666666,0.16666666666666666,0.16666666666666666,0.16666666666666666,0.16666666666666666
2022-04-04,0.16666666666666666,0.16666666666666666,0.16666666666666666,0.16666666666666666,0.16666666666666666,0.16666666666666666
2022-04-05,0.16666666666666666,0.16666666666666666,0.16666666666666666,0.16666666666666666,0.16666666666666666,0.16666666666666666
2022-04-06,0.0,0.0,0.0,0.3333333333333333,0.3333333333333333,0.3333333333333333
2022-04-07,0.0,0.0,0.25,0.25,0.25,0.25
2022-04-08,0.0,0.0,0.3333333333333333,0.3333333333333333,0.0,0.3333333333333333
2022-04-11,0.0,0.3333333333333333,0.3333333333333333,0.3333333333333333,0.0,0.0
2022-04-12,0.0,0.3333333333333333,0.3333333333333333,0.3333333333333333,0.0,0.0
2022-04-13,0.0,0.3333333333333333,0.3333333333333333,0.3333333333333333,0.0,0.0
2022-04-14,0.25,0.25,0.25,0.25,0.0,0.0
2022-04-18,0.25,0.25,0.25,0.25,0.0,0.0
2022-04-19,0.3333333333333333,0.3333333333333333,0.0,0.3333333333333333,0.0,0.0
2022-04-20,0.3333333333333333,0.0,0.0,0.3333333333333333,0.3333333333333333,0.0
2022-04-21,0.3333333333333333,0.0,0.3333333333333333,0.3333333333333333,0.0,0.0
2022-04-22,0.25,0.25,0.25,0.25,0.0,0.0
2022-04-25,0.5,0.0,0.5,0.0,0.0,0.0
2022-04-26,0.5,0.0,0.5,0.0,0.0,0.0
2022-04-27,0.5,0.0,0.5,0.0,0.0,0.0
2022-04-28,0.0,0.0,0.3333333333333333,0.3333333333333333,0.3333333333333333,0.0
2022-04-29,0.25,0.0,0.25,0.25,0.25,0.0
2022-05-02,0.25,0.0,0.25,0.25,0.25,0.0
2022-05-03,0.25,0.0,0.25,0.25,0.25,0.0
2022-05-04,0.0,0.0,0.3333333333333333,0.3333333333333333,0.3333333333333333,0.0
2022-05-05,0.25,0.0,0.25,0.25,0.25,0.0
2022-05-06,0.0,0.25,0.25,0.25,0.25,0.0
2022-05-09,0.3333333333333333,0.3333333333333333,0.0,0.3333333333333333,0.0,0.0
2022-05-10,0.25,0.25,0.0,0.25,0.25,0.0
2022-05-11,0.5,0.5,0.0,0.0,0.0,0.0
2022-05-12,0.3333333333333333,0.3333333333333333,0.0,0.3333333333333333,0.0,0.0
2022-05-13,0.5,0.5,0.0,0.0,0.0,0.0
2022-05-16,0.3333333333333333,0.3333333333333333,0.0,0.3333333333333333,0.0,0.0
2022-05-17,0.25,0.25,0.25,0.0,0.25,0.0
2022-05-18,0.3333333333333333,0.3333333333333333,0.0,0.3333333333333333,0.0,0.0
2022-05-19,0.25,0.25,0.0,0.25,0.25,0.0
2022-05-20,0.25,0.25,0.0,0.25,0.25,0.0
2022-05-23,0.0,0.25,0.25,0.25,0.25,0.0
2022-05-24,0.0,0.3333333333333333,0.0,0.3333333333333333,0.3333333333333333,0.0
2022-05-25,0.0,0.0,0.0,0.5,0.5,0.0
2022-05-26,0.3333333333333333,0.0,0.0,0.3333333333333333,0.3333333333333333,0.0
2022-05-27,0.0,0.5,0.0,0.5,0.0,0.0
2022-05-31,0.0,0.4343631687480928,0.0,0.0,0.5656368312519072,0.0
2022-06-01,0.0,0.45949639006410453,0.0,0.0,0.5405036099358955,0.0
2022-06-02,0.16666666666666666,0.16666666666666666,0.16666666666666666,0.16666666666666666,0.16666666666666666,0.16666666666666666
2022-06-03,0.5,0.0,0.0,0.0,0.5,0.0
2022-06-06,0.0,0.4872079468596168,0.0,0.0,0.5127920531403831,0.0
2022-06-07,0.0,0.4882843294840918,0.0,0.0,0.5117156705159083,0.0
2022-06-08,0.16666666666666666,0.16666666666666666,0.16666666666666666,0.16666666666666666,0.16666666666666666,0.16666666666666666
2022-06-09,0.9143663922422178,0.0,0.026029090490653817,0.0,0.0,0.05960451726712839
2022-06-10,0.3333333333333333,0.3333333333333333,0.0,0.0,0.3333333333333333,0.0
2022-06-13,0.0,0.3333333333333333,0.0,0.3333333333333333,0.3333333333333333,0.0
2022-06-14,0.0,0.5,0.0,0.5,0.0,0.0
2022-06-15,0.5,0.0,0.0,0.0,0.0,0.5
2022-06-16,0.3333333333333333,0.3333333333333333,0.0,0.3333333333333333,0.0,0.0
2022-06-17,0.3333333333333333,0.3333333333333333,0.0,0.3333333333333333,0.0,0.0
2022-06-21,0.3333333333333333,0.0,0.3333333333333333,0.0,0.0,0.3333333333333333
2022-06-22,0.3333333333333333,0.0,0.3333333333333333,0.0,0.0,0.3333333333333333
2022-06-23,0.5,0.0,0.0,0.0,0.0,0.5
2022-06-24,0.15779679274101446,0.0,0.0,0.0,0.0,0.8422032072589856
2022-06-27,0.3333333333333333,0.0,0.3333333333333333,0.0,0.0,0.3333333333333333
2022-06-28,0.3333333333333333,0.0,0.3333333333333333,0.0,0.0,0.3333333333333333
2022-06-29,0.3333333333333333,0.0,0.3333333333333333,0.0,0.0,0.3333333333333333
2022-06-30,0.25,0.0,0.25,0.25,0.0,0.25
2022-07-01,0.25,0.0,0.25,0.25,0.0,0.25
2022-07-05,0.2474596991683626,0.0,0.21509970859724842,0.0,0.0,0.5374405922343889
2022-07-06,0.256501654853709,0.0,0.23034889346637616,0.0,0.0,0.5131494516799149
2022-07-07,0.18508432452342202,0.0,0.243230605223694,0.0,0.0,0.571685070252884
2022-07-08,0.18694275784350747,0.0,0.24629635794919294,0.0,0.0,0.5667608842072996
2022-07-11,0.2965952557942161,0.0,0.23222736180118372,0.0,0.0,0.4711773824046001
2022-07-12,0.0,0.3333333333333333,0.3333333333333333,0.0,0.0,0.3333333333333333
2022-07-13,0.3333333333333333,0.3333333333333333,0.0,0.0,0.0,0.3333333333333333
2022-07-14,0.0,0.3333333333333333,0.0,0.3333333333333333,0.0,0.3333333333333333
2022-07-15,0.0,0.5,0.0,0.5,0.0,0.0
2022-07-18,0.0,0.5,0.0,0.5,0.0,0.0
2022-07-19,0.0,0.8976385155897942,0.0,0.0,0.02961342863737188,0.07274805577283387
2022-07-20,0.16666666666666666,0.16666666666666666,0.16666666666666666,0.16666666666666666,0.16666666666666666,0.16666666666666666
2022-07-21,0.16666666666666666,0.16666666666666666,0.16666666666666666,0.16666666666666666,0.16666666666666666,0.16666666666666666
2022-07-22,0.0,0.0,0.3333333333333333,0.3333333333333333,0.3333333333333333,0.0
2022-07-25,0.0,0.3333333333333333,0.0,0.3333333333333333,0.3333333333333333,0.0
2022-07-26,0.0,0.3333333333333333,0.0,0.3333333333333333,0.3333333333333333,0.0
2022-07-27,0.16666666666666666,0.16666666666666666,0.16666666666666666,0.16666666666666666,0.16666666666666666,0.16666666666666666
2022-07-28,0.16666666666666666,0.16666666666666666,0.16666666666666666,0.16666666666666666,0.16666666666666666,0.16666666666666666
2022-07-29,0.16666666666666666,0.16666666666666666,0.16666666666666666,0.16666666666666666,0.16666666666666666,0.16666666666666666
2022-08-01,0.16666666666666666,0.16666666666666666,0.16666666666666666,0.16666666666666666,0.16666666666666666,0.16666666666666666
2022-08-02,0.16666666666666666,0.16666666666666666,0.16666666666666666,0.16666666666666666,0.16666666666666666,0.16666666666666666
2022-08-03,0.16666666666666666,0.16666666666666666,0.16666666666666666,0.16666666666666666,0.16666666666666666,0.16666666666666666
2022-08-04,0.16666666666666666,0.16666666666666666,0.16666666666666666,0.16666666666666666,0.16666666666666666,0.16666666666666666
2022-08-05,0.16666666666666666,0.16666666666666666,0.16666666666666666,0.16666666666666666,0.16666666666666666,0.16666666666666666
2022-08-08,0.16666666666666666,0.16666666666666666,0.16666666666666666,0.16666666666666666,0.16666666666666666,0.16666666666666666
2022-08-09,0.31411247362836414,0.0,0.0,0.0,0.0,0.6858875263716357
2022-08-10,0.16666666666666666,0.16666666666666666,0.16666666666666666,0.16666666666666666,0.16666666666666666,0.16666666666666666
2022-08-11,0.16666666666666666,0.16666666666666666,0.16666666666666666,0.16666666666666666,0.16666666666666666,0.16666666666666666
2022-08-12,0.16666666666666666,0.16666666666666666,0.16666666666666666,0.16666666666666666,0.16666666666666666,0.16666666666666666
2022-08-15,0.16666666666666666,0.16666666666666666,0.16666666666666666,0.16666666666666666,0.16666666666666666,0.16666666666666666
2022-08-16,0.16666666666666666,0.16666666666666666,0.16666666666666666,0.16666666666666666,0.16666666666666666,0.16666666666666666
2022-08-17,0.16666666666666666,0.16666666666666666,0.16666666666666666,0.16666666666666666,0.16666666666666666,0.16666666666666666
2022-08-18,0.16666666666666666,0.16666666666666666,0.16666666666666666,0.16666666666666666,0.16666666666666666,0.16666666666666666
2022-08-19,0.06541046386341018,0.13042738696829922,0.0,0.0,0.0,0.8041621491682907
2022-08-22,0.0,0.0,0.3333333333333333,0.3333333333333333,0.0,0.3333333333333333
2022-08-23,0.0,0.25,0.25,0.25,0.0,0.25
2022-08-24,0.0,0.3333333333333333,0.3333333333333333,0.3333333333333333,0.0,0.0
2022-08-25,0.0,0.3333333333333333,0.3333333333333333,0.0,0.3333333333333333,0.0
2022-08-26,0.0,0.3333333333333333,0.0,0.3333333333333333,0.3333333333333333,0.0
2022-08-29,0.0,0.3333333333333333,0.0,0.3333333333333333,0.3333333333333333,0.0
2022-08-30,0.0,0.3333333333333333,0.0,0.3333333333333333,0.3333333333333333,0.0
2022-08-31,0.25,0.25,0.25,0.0,0.25,0.0
2022-09-01,0.25,0.25,0.25,0.0,0.25,0.0
2022-09-02,0.3333333333333333,0.3333333333333333,0.0,0.0,0.3333333333333333,0.0
2022-09-06,0.5,0.5,0.0,0.0,0.0,0.0
2022-09-07,0.5,0.5,0.0,0.0,0.0,0.0
2022-09-08,0.5,0.5,0.0,0.0,0.0,0.0
2022-09-09,0.25,0.25,0.0,0.25,0.0,0.25
2022-09-12,0.0,0.3333333333333333,0.0,0.3333333333333333,0.0,0.3333333333333333
2022-09-13,0.3333333333333333,0.3333333333333333,0.0,0.3333333333333333,0.0,0.0
2022-09-14,0.3333333333333333,0.3333333333333333,0.0,0.3333333333333333,0.0,0.0
2022-09-15,0.3333333333333333,0.3333333333333333,0.0,0.3333333333333333,0.0,0.0
2022-09-16,0.5,0.5,0.0,0.0,0.0,0.0
2022-09-19,0.0,1.0,0.0,0.0,0.0,0.0
2022-09-20,0.0,0.5,0.5,0.0,0.0,0.0
2022-09-21,0.0,0.5,0.5,0.0,0.0,0.0
2022-09-22,0.0,0.5,0.5,0.0,0.0,0.0
2022-09-23,0.0,0.5,0.5,0.0,0.0,0.0
2022-09-26,0.0,0.25,0.25,0.25,0.0,0.25
2022-09-27,0.0,0.25,0.25,0.25,0.0,0.25
2022-09-28,0.3333333333333333,0.0,0.0,0.3333333333333333,0.0,0.3333333333333333
2022-09-29,0.3333333333333333,0.0,0.0,0.3333333333333333,0.0,0.3333333333333333
2022-09-30,0.5,0.0,0.0,0.5,0.0,0.0
2022-10-03,0.3333333333333333,0.0,0.0,0.3333333333333333,0.3333333333333333,0.0
2022-10-04,0.3333333333333333,0.0,0.0,0.3333333333333333,0.3333333333333333,0.0
2022-10-05,0.25,0.25,0.0,0.25,0.25,0.0
2022-10-06,0.25,0.25,0.0,0.25,0.25,0.0
2022-10-07,0.3333333333333333,0.3333333333333333,0.0,0.0,0.3333333333333333,0.0
2022-10-10,0.3333333333333333,0.3333333333333333,0.0,0.0,0.3333333333333333,0.0
2022-10-11,0.3333333333333333,0.3333333333333333,0.0,0.0,0.3333333333333333,0.0
2022-10-12,0.3333333333333333,0.3333333333333333,0.0,0.0,0.3333333333333333,0.0
2022-10-13,0.3333333333333333,0.3333333333333333,0.3333333333333333,0.0,0.0,0.0
2022-10-14,0.5,0.0,0.5,0.0,0.0,0.0
2022-10-17,0.3333333333333333,0.0,0.3333333333333333,0.0,0.0,0.3333333333333333
2022-10-18,0.25,0.0,0.0,0.25,0.25,0.25
2022-10-19,0.0,0.25,0.0,0.25,0.25,0.25
2022-10-20,0.0,0.3333333333333333,0.0,0.3333333333333333,0.3333333333333333,0.0
2022-10-21,0.0,0.13812125554329896,0.0,0.5834753558565402,0.2784033886001609,0.0
2022-10-24,0.0,0.11375151738081592,0.0,0.5978582382382417,0.2883902443809423,0.0
2022-10-25,0.0,0.27225124733580913,0.0,0.4153380726946332,0.31241067996955757,0.0
2022-10-26,0.0,0.0,0.0,0.3333333333333333,0.3333333333333333,0.3333333333333333
2022-10-27,0.0,0.0,0.0,0.5,0.5,0.0
2022-10-28,0.25,0.0,0.25,0.25,0.0,0.25
2022-10-31,0.25,0.0,0.25,0.25,0.0,0.25
2022-11-01,0.0,0.0,0.25,0.25,0.25,0.25
2022-11-02,0.0,0.3333333333333333,0.0,0.3333333333333333,0.3333333333333333,0.0
2022-11-03,0.0,0.25,0.25,0.25,0.25,0.0
2022-11-04,0.0,0.0,0.0,0.5,0.5,0.0
2022-11-07,0.0,0.0,0.0,0.5,0.5,0.0
2022-11-08,0.0,0.0,0.0,0.5,0.5,0.0
2022-11-09,0.25,0.0,0.25,0.25,0.25,0.0
2022-11-10,0.0,0.0,0.0,0.5,0.5,0.0
2022-11-11,0.0,0.0,0.0,0.5,0.5,0.0
2022-11-14,0.0,0.0,0.0,0.5,0.5,0.0
2022-11-15,0.0,0.25,0.25,0.25,0.25,0.0
2022-11-16,0.0,0.3333333333333333,0.0,0.3333333333333333,0.3333333333333333,0.0
2022-11-17,0.0,0.3333333333333333,0.0,0.3333333333333333,0.3333333333333333,0.0
2022-11-18,0.0,0.3333333333333333,0.0,0.3333333333333333,0.3333333333333333,0.0
2022-11-21,0.0,0.5,0.0,0.0,0.5,0.0
2022-11-22,0.0,0.5,0.0,0.0,0.5,0.0
2022-11-23,0.0,0.3333333333333333,0.3333333333333333,0.0,0.3333333333333333,0.0
2022-11-25,0.0,0.3333333333333333,0.3333333333333333,0.0,0.3333333333333333,0.0
2022-11-28,0.5,0.0,0.0,0.0,0.5,0.0
2022-11-29,0.5,0.0,0.5,0.0,0.0,0.0
2022-11-30,0.16666666666666666,0.16666666666666666,0.16666666666666666,0.16666666666666666,0.16666666666666666,0.16666666666666666
2022-12-01,0.16666666666666666,0.16666666666666666,0.16666666666666666,0.16666666666666666,0.16666666666666666,0.16666666666666666
2022-12-02,0.0,0.0,1.0,0.0,0.0,0.0
2022-12-05,0.0,0.0,1.0,0.0,0.0,0.0
2022-12-06,0.3333333333333333,0.0,0.3333333333333333,0.0,0.3333333333333333,0.0
2022-12-07,0.3333333333333333,0.0,0.3333333333333333,0.0,0.3333333333333333,0.0
2022-12-08,0.3333333333333333,0.0,0.3333333333333333,0.3333333333333333,0.0,0.0
2022-12-09,0.3333333333333333,0.0,0.3333333333333333,0.3333333333333333,0.0,0.0
2022-12-12,0.3333333333333333,0.0,0.3333333333333333,0.3333333333333333,0.0,0.0
2022-12-13,0.25,0.0,0.25,0.25,0.25,0.0
2022-12-14,0.25,0.0,0.25,0.25,0.25,0.0
2022-12-15,0.3333333333333333,0.0,0.3333333333333333,0.3333333333333333,0.0,0.0
2022-12-16,0.3333333333333333,0.0,0.3333333333333333,0.0,0.3333333333333333,0.0
2022-12-19,0.3333333333333333,0.0,0.3333333333333333,0.0,0.3333333333333333,0.0
2022-12-20,0.3333333333333333,0.0,0.3333333333333333,0.0,0.3333333333333333,0.0
2022-12-21,0.3333333333333333,0.0,0.3333333333333333,0.0,0.3333333333333333,0.0
2022-12-22,0.25,0.25,0.25,0.0,0.25,0.0
2022-12-23,0.25,0.25,0.25,0.0,0.25,0.0
2022-12-27,0.25,0.25,0.25,0.0,0.25,0.0
2022-12-28,0.25,0.25,0.25,0.0,0.25,0.0
2022-12-29,0.3333333333333333,0.0,0.3333333333333333,0.0,0.3333333333333333,0.0
2022-12-30,0.3333333333333333,0.0,0.3333333333333333,0.0,0.3333333333333333,0.0
2023-01-03,0.3333333333333333,0.3333333333333333,0.0,0.0,0.3333333333333333,0.0
2023-01-04,0.25,0.25,0.0,0.25,0.25,0.0
2023-01-05,0.25,0.25,0.0,0.25,0.25,0.0
2023-01-06,0.0,0.25,0.0,0.25,0.25,0.25
2023-01-09,0.25,0.25,0.0,0.25,0.25,0.0
2023-01-10,0.25,0.25,0.0,0.25,0.25,0.0
2023-01-11,0.0,0.5,0.0,0.0,0.5,0.0
2023-01-12,0.0,0.007189196632527694,0.1655654027594041,0.31876016107698746,0.5084852395310807,0.0
2023-01-13,0.0,0.0,0.21719968437445733,0.2800687900257751,0.5027315255997676,0.0
2023-01-17,0.16666666666666666,0.16666666666666666,0.16666666666666666,0.16666666666666666,0.16666666666666666,0.16666666666666666
2023-01-18,0.0,0.8618361776706452,0.09891202367103245,0.0,0.039251798658322366,0.0
2023-01-19,0.0,0.9556226699689798,0.0,0.0,0.04437733003102022,0.0
2023-01-20,0.16666666666666666,0.16666666666666666,0.16666666666666666,0.16666666666666666,0.16666666666666666,0.16666666666666666
2023-01-23,0.16666666666666666,0.16666666666666666,0.16666666666666666,0.16666666666666666,0.16666666666666666,0.16666666666666666
2023-01-24,0.16666666666666666,0.16666666666666666,0.16666666666666666,0.16666666666666666,0.16666666666666666,0.16666666666666666
2023-01-25,0.16666666666666666,0.16666666666666666,0.16666666666666666,0.16666666666666666,0.16666666666666666,0.16666666666666666
2023-01-26,0.16666666666666666,0.16666666666666666,0.16666666666666666,0.16666666666666666,0.16666666666666666,0.16666666666666666
2023-01-27,0.16666666666666666,0.16666666666666666,0.16666666666666666,0.16666666666666666,0.16666666666666666,0.16666666666666666
2023-01-30,0.16666666666666666,0.16666666666666666,0.16666666666666666,0.16666666666666666,0.16666666666666666,0.16666666666666666
2023-01-31,0.16666666666666666,0.16666666666666666,0.16666666666666666,0.16666666666666666,0.16666666666666666,0.16666666666666666
2023-02-01,0.16666666666666666,0.16666666666666666,0.16666666666666666,0.16666666666666666,0.16666666666666666,0.16666666666666666
2023-02-02,0.16666666666666666,0.16666666666666666,0.16666666666666666,0.16666666666666666,0.16666666666666666,0.16666666666666666
2023-02-03,0.16666666666666666,0.16666666666666666,0.16666666666666666,0.16666666666666666,0.16666666666666666,0.16666666666666666
2023-02-06,0.16666666666666666,0.16666666666666666,0.16666666666666666,0.16666666666666666,0.16666666666666666,0.16666666666666666
2023-02-07,0.16666666666666666,0.16666666666666666,0.16666666666666666,0.16666666666666666,0.16666666666666666,0.16666666666666666
2023-02-08,0.16666666666666666,0.16666666666666666,0.16666666666666666,0.16666666666666666,0.16666666666666666,0.16666666666666666
2023-02-09,0.0,0.0,0.25,0.25,0.25,0.25
2023-02-10,0.0,0.0,0.25,0.25,0.25,0.25
2023-02-13,0.0,0.0,0.0,0.3333333333333333,0.3333333333333333,0.3333333333333333
2023-02-14,0.0,0.0,0.0,0.3333333333333333,0.3333333333333333,0.3333333333333333
2023-02-15,0.0,0.0,0.0,0.9355326773044975,0.021486903159164215,0.042980419536338264
2023-02-16,0.0,0.0,0.3333333333333333,0.3333333333333333,0.0,0.3333333333333333
2023-02-17,0.0,0.0,0.3333333333333333,0.3333333333333333,0.0,0.3333333333333333
2023-02-21,0.0,0.0,0.3333333333333333,0.3333333333333333,0.0,0.3333333333333333
2023-02-22,0.0,0.3333333333333333,0.3333333333333333,0.3333333333333333,0.0,0.0
2023-02-23,0.0,0.0,0.5,0.5,0.0,0.0
2023-02-24,0.3333333333333333,0.3333333333333333,0.3333333333333333,0.0,0.0,0.0
2023-02-27,0.3333333333333333,0.3333333333333333,0.3333333333333333,0.0,0.0,0.0
2023-02-28,0.3333333333333333,0.3333333333333333,0.3333333333333333,0.0,0.0,0.0
2023-03-01,0.3333333333333333,0.3333333333333333,0.3333333333333333,0.0,0.0,0.0
2023-03-02,0.5,0.0,0.5,0.0,0.0,0.0
2023-03-03,0.0,0.3333333333333333,0.3333333333333333,0.0,0.3333333333333333,0.0
2023-03-06,0.0,0.3333333333333333,0.3333333333333333,0.0,0.3333333333333333,0.0
2023-03-07,0.0,0.25,0.25,0.25,0.25,0.0
2023-03-08,0.0,0.25,0.25,0.25,0.25,0.0
2023-03-09,0.0,0.25,0.25,0.25,0.25,0.0
2023-03-10,0.0,0.25,0.25,0.25,0.25,0.0
2023-03-13,0.0,0.25,0.25,0.25,0.25,0.0
2023-03-14,0.08611970487140282,0.4817904167641905,0.0,0.0,0.4320898783644068,0.0
2023-03-15,0.0,0.520039169314015,0.0,0.0,0.4799608306859851,0.0
2023-03-16,0.0,0.5753688615870792,0.0,0.0,0.4246311384129208,0.0
2023-03-17,0.0,0.6116882554241818,0.0,0.0,0.38831174457581813,0.0
2023-03-20,0.0,0.5539515211386327,0.0,0.0,0.4460484788613672,0.0
2023-03-21,0.16666666666666666,0.16666666666666666,0.16666666666666666,0.16666666666666666,0.16666666666666666,0.16666666666666666
2023-03-22,0.16666666666666666,0.16666666666666666,0.16666666666666666,0.16666666666666666,0.16666666666666666,0.16666666666666666
2023-03-23,0.16666666666666666,0.16666666666666666,0.16666666666666666,0.16666666666666666,0.16666666666666666,0.16666666666666666
2023-03-24,0.16666666666666666,0.16666666666666666,0.16666666666666666,0.16666666666666666,0.16666666666666666,0.16666666666666666
2023-03-27,0.16666666666666666,0.16666666666666666,0.16666666666666666,0.16666666666666666,0.16666666666666666,0.16666666666666666
2023-03-28,0.16666666666666666,0.16666666666666666,0.16666666666666666,0.16666666666666666,0.16666666666666666,0.16666666666666666
2023-03-29,0.16666666666666666,0.16666666666666666,0.16666666666666666,0.16666666666666666,0.16666666666666666,0.16666666666666666
2023-03-30,0.16666666666666666,0.16666666666666666,0.16666666666666666,0.16666666666666666,0.16666666666666666,0.16666666666666666
2023-03-31,0.16666666666666666,0.16666666666666666,0.16666666666666666,0.16666666666666666,0.16666666666666666,0.16666666666666666
2023-04-03,0.16666666666666666,0.16666666666666666,0.16666666666666666,0.16666666666666666,0.16666666666666666,0.16666666666666666
2023-04-04,0.16666666666666666,0.16666666666666666,0.16666666666666666,0.16666666666666666,0.16666666666666666,0.16666666666666666
2023-04-05,0.0,0.5658310984885933,0.0,0.0,0.4341689015114067,0.0
2023-04-06,0.0,0.5610633106984092,0.0,0.0,0.43893668930159085,0.0
2023-04-10,0.0,0.5521718445011697,0.0,0.0,0.4478281554988302,0.0
2023-04-11,0.0,0.5914859805526942,0.0,0.0,0.40851401944730587,0.0
2023-04-12,0.0,0.0,0.5,0.0,0.5,0.0
2023-04-13,0.25,0.25,0.0,0.0,0.25,0.25
2023-04-14,0.0,0.3333333333333333,0.0,0.0,0.3333333333333333,0.3333333333333333
2023-04-17,0.0,0.4253138204698742,0.0,0.0,0.5746861795301258,0.0
2023-04-18,0.3333333333333333,0.3333333333333333,0.0,0.0,0.3333333333333333,0.0
2023-04-19,0.0,0.0,0.0,0.5,0.5,0.0
2023-04-20,0.0,0.0,0.0,0.5,0.5,0.0
2023-04-21,0.0,0.0,0.0,0.5,0.5,0.0
2023-04-24,0.0,0.5,0.0,0.0,0.5,0.0
2023-04-25,0.0,0.25,0.0,0.25,0.25,0.25
2023-04-26,0.0,0.25,0.0,0.25,0.25,0.25
2023-04-27,0.0,0.3660046167533391,0.0,0.0,0.6339953832466608,0.0
2023-04-28,0.0,0.3309980864630406,0.0,0.0,0.6690019135369595,0.0
2023-05-01,0.0,0.0,0.5,0.0,0.5,0.0
2023-05-02,0.0,0.3333333333333333,0.0,0.3333333333333333,0.3333333333333333,0.0
2023-05-03,0.0,0.3333333333333333,0.0,0.3333333333333333,0.3333333333333333,0.0
2023-05-04,0.0,0.3333333333333333,0.0,0.3333333333333333,0.3333333333333333,0.0
2023-05-05,0.0,0.25,0.0,0.25,0.25,0.25
2023-05-08,0.16666666666666666,0.16666666666666666,0.16666666666666666,0.16666666666666666,0.16666666666666666,0.16666666666666666
2023-05-09,0.0,0.2683460951533873,0.0,0.16759727390108597,0.5640566309455267,0.0
2023-05-10,0.0,0.25812236634057517,0.0,0.17835768660595436,0.5635199470534704,0.0
2023-05-11,0.16666666666666666,0.16666666666666666,0.16666666666666666,0.16666666666666666,0.16666666666666666,0.16666666666666666
2023-05-12,0.16666666666666666,0.16666666666666666,0.16666666666666666,0.16666666666666666,0.16666666666666666,0.16666666666666666
2023-05-15,0.16666666666666666,0.16666666666666666,0.16666666666666666,0.16666666666666666,0.16666666666666666,0.16666666666666666
2023-05-16,0.16666666666666666,0.16666666666666666,0.16666666666666666,0.16666666666666666,0.16666666666666666,0.16666666666666666
2023-05-17,0.16666666666666666,0.16666666666666666,0.16666666666666666,0.16666666666666666,0.16666666666666666,0.16666666666666666
2023-05-18,0.16666666666666666,0.16666666666666666,0.16666666666666666,0.16666666666666666,0.16666666666666666,0.16666666666666666
2023-05-19,0.16666666666666666,0.16666666666666666,0.16666666666666666,0.16666666666666666,0.16666666666666666,0.16666666666666666
2023-05-22,0.16666666666666666,0.16666666666666666,0.16666666666666666,0.16666666666666666,0.16666666666666666,0.16666666666666666
2023-05-23,0.16666666666666666,0.16666666666666666,0.16666666666666666,0.16666666666666666,0.16666666666666666,0.16666666666666666
2023-05-24,0.16666666666666666,0.16666666666666666,0.16666666666666666,0.16666666666666666,0.16666666666666666,0.16666666666666666
2023-05-25,0.16666666666666666,0.16666666666666666,0.16666666666666666,0.16666666666666666,0.16666666666666666,0.16666666666666666
2023-05-26,0.16666666666666666,0.16666666666666666,0.16666666666666666,0.16666666666666666,0.16666666666666666,0.16666666666666666
2023-05-30,0.16666666666666666,0.16666666666666666,0.16666666666666666,0.16666666666666666,0.16666666666666666,0.16666666666666666
2023-05-31,0.16666666666666666,0.16666666666666666,0.16666666666666666,0.16666666666666666,0.16666666666666666,0.16666666666666666
2023-06-01,0.16666666666666666,0.16666666666666666,0.16666666666666666,0.16666666666666666,0.16666666666666666,0.16666666666666666
2023-06-02,0.16666666666666666,0.16666666666666666,0.16666666666666666,0.16666666666666666,0.16666666666666666,0.16666666666666666
2023-06-05,0.16666666666666666,0.16666666666666666,0.16666666666666666,0.16666666666666666,0.16666666666666666,0.16666666666666666
2023-06-06,0.16666666666666666,0.16666666666666666,0.16666666666666666,0.16666666666666666,0.16666666666666666,0.16666666666666666
2023-06-07,0.16666666666666666,0.16666666666666666,0.16666666666666666,0.16666666666666666,0.16666666666666666,0.16666666666666666
2023-06-08,0.4090021126727188,0.0,0.0,0.5602807939523385,0.0,0.030717093374942665
2023-06-09,0.32023549784556393,0.0,0.0,0.6088245734619264,0.00454249316420297,0.06639743552830657
2023-06-12,0.16666666666666666,0.16666666666666666,0.16666666666666666,0.16666666666666666,0.16666666666666666,0.16666666666666666
2023-06-13,0.16666666666666666,0.16666666666666666,0.16666666666666666,0.16666666666666666,0.16666666666666666,0.16666666666666666
2023-06-14,0.16666666666666666,0.16666666666666666,0.16666666666666666,0.16666666666666666,0.16666666666666666,0.16666666666666666
2023-06-15,0.16666666666666666,0.16666666666666666,0.16666666666666666,0.16666666666666666,0.16666666666666666,0.16666666666666666
2023-06-16,0.3943982247467215,0.0,0.0,0.5937985622751402,0.0,0.011803212978138298
2023-06-20,0.40657226554144044,0.0,0.0,0.5871188115155738,0.0,0.006308922942985719
2023-06-21,0.366394147331128,0.0,0.0,0.633605852668872,0.0,0.0
2023-06-22,0.42450300058583806,0.0,0.0,0.5754969994141619,0.0,0.0
2023-06-23,0.42667724059582657,0.0,0.0,0.5733227594041735,0.0,0.0
2023-06-26,0.3333333333333333,0.0,0.0,0.3333333333333333,0.0,0.3333333333333333
2023-06-27,0.4576130490378966,0.0,0.0,0.512272515789171,0.0,0.03011443517293234
2023-06-28,0.3964431088331326,0.0,0.0,0.5493514311041174,0.0,0.054205460062750024
2023-06-29,0.3333333333333333,0.0,0.0,0.3333333333333333,0.0,0.3333333333333333
2023-06-30,0.3689924697095871,0.0,0.0,0.5583784084597289,0.0,0.07262912183068411
2023-07-03,0.34665261096044847,0.0,0.0,0.5738381481196473,0.0,0.07950924091990427
2023-07-05,0.4108898637782789,0.0,0.0,0.5159322012945418,0.0,0.07317793492717949
2023-07-06,0.39774523314762716,0.0,0.0,0.5350457322209663,0.0,0.06720903463140657
2023-07-07,0.3434372390847626,0.0,0.0,0.5742482802341269,0.0,0.0823144806811106
2023-07-10,0.0,0.0,0.0,0.5,0.0,0.5
2023-07-11,0.0,0.3333333333333333,0.0,0.3333333333333333,0.0,0.3333333333333333
2023-07-12,0.29546063654012883,0.0,0.0,0.6358833082849272,0.0,0.06865605517494397
2023-07-13,0.16666666666666666,0.16666666666666666,0.16666666666666666,0.16666666666666666,0.16666666666666666,0.16666666666666666
2023-07-14,0.16666666666666666,0.16666666666666666,0.16666666666666666,0.16666666666666666,0.16666666666666666,0.16666666666666666
2023-07-17,0.16666666666666666,0.16666666666666666,0.16666666666666666,0.16666666666666666,0.16666666666666666,0.16666666666666666
2023-07-18,0.16666666666666666,0.16666666666666666,0.16666666666666666,0.16666666666666666,0.16666666666666666,0.16666666666666666
2023-07-19,0.16666666666666666,0.16666666666666666,0.16666666666666666,0.16666666666666666,0.16666666666666666,0.16666666666666666
2023-07-20,0.3333333333333333,0.0,0.0,0.3333333333333333,0.3333333333333333,0.0
2023-07-21,0.0,0.0,0.3333333333333333,0.3333333333333333,0.3333333333333333,0.0
2023-07-24,0.0,0.5,0.5,0.0,0.0,0.0
2023-07-25,0.0,0.3333333333333333,0.3333333333333333,0.0,0.3333333333333333,0.0
2023-07-26,0.0,0.3333333333333333,0.3333333333333333,0.0,0.3333333333333333,0.0
2023-07-27,0.0,0.25,0.25,0.25,0.25,0.0
2023-07-28,0.0,0.3333333333333333,0.0,0.3333333333333333,0.3333333333333333,0.0
2023-07-31,0.0,0.3333333333333333,0.0,0.3333333333333333,0.3333333333333333,0.0
2023-08-01,0.0,0.3333333333333333,0.0,0.3333333333333333,0.3333333333333333,0.0
2023-08-02,0.0,0.25,0.25,0.25,0.25,0.0
2023-08-03,0.3333333333333333,0.3333333333333333,0.3333333333333333,0.0,0.0,0.0
2023-08-04,0.3333333333333333,0.3333333333333333,0.3333333333333333,0.0,0.0,0.0
2023-08-07,0.25,0.25,0.25,0.25,0.0,0.0
2023-08-08,0.25,0.25,0.25,0.25,0.0,0.0
2023-08-09,0.25,0.25,0.25,0.0,0.0,0.25
2023-08-10,0.25,0.25,0.25,0.0,0.0,0.25
2023-08-11,0.25,0.25,0.25,0.0,0.0,0.25
2023-08-14,0.3333333333333333,0.3333333333333333,0.3333333333333333,0.0,0.0,0.0
2023-08-15,0.3333333333333333,0.3333333333333333,0.3333333333333333,0.0,0.0,0.0
2023-08-16,0.25,0.25,0.25,0.0,0.25,0.0
2023-08-17,0.25,0.25,0.25,0.0,0.25,0.0
2023-08-18,0.2,0.2,0.2,0.2,0.2,0.0
2023-08-21,0.25,0.25,0.25,0.25,0.0,0.0
2023-08-22,0.25,0.25,0.25,0.25,0.0,0.0
2023-08-23,0.3333333333333333,0.0,0.3333333333333333,0.0,0.3333333333333333,0.0
2023-08-24,0.3333333333333333,0.3333333333333333,0.3333333333333333,0.0,0.0,0.0
2023-08-25,0.3333333333333333,0.0,0.3333333333333333,0.0,0.0,0.3333333333333333
2023-08-28,0.3333333333333333,0.0,0.3333333333333333,0.0,0.0,0.3333333333333333
2023-08-29,0.5039533932095183,0.0,0.4321957197513836,0.0,0.0,0.0638508870390981
2023-08-30,0.4815457845168852,0.0,0.45584737178527646,0.0,0.0,0.06260684369783842
2023-08-31,0.16666666666666666,0.16666666666666666,0.16666666666666666,0.16666666666666666,0.16666666666666666,0.16666666666666666
2023-09-01,0.16666666666666666,0.16666666666666666,0.16666666666666666,0.16666666666666666,0.16666666666666666,0.16666666666666666
2023-09-05,0.16666666666666666,0.16666666666666666,0.16666666666666666,0.16666666666666666,0.16666666666666666,0.16666666666666666
2023-09-06,0.0,0.0,1.0,0.0,0.0,0.0
2023-09-07,0.9084715973976889,0.0,0.0,0.0,0.09152840260231111,0.0
2023-09-08,0.3333333333333333,0.0,0.0,0.0,0.3333333333333333,0.3333333333333333
2023-09-11,0.3333333333333333,0.0,0.3333333333333333,0.0,0.0,0.3333333333333333
2023-09-12,0.3333333333333333,0.0,0.3333333333333333,0.0,0.0,0.3333333333333333
2023-09-13,0.3333333333333333,0.0,0.3333333333333333,0.0,0.0,0.3333333333333333
2023-09-14,0.3333333333333333,0.0,0.3333333333333333,0.0,0.0,0.3333333333333333
2023-09-15,0.3333333333333333,0.0,0.3333333333333333,0.0,0.0,0.3333333333333333
2023-09-18,0.3333333333333333,0.0,0.3333333333333333,0.0,0.0,0.3333333333333333
2023-09-19,0.25,0.25,0.25,0.0,0.0,0.25
2023-09-20,0.3333333333333333,0.3333333333333333,0.0,0.0,0.0,0.3333333333333333
2023-09-21,0.0,0.25,0.25,0.25,0.0,0.25
2023-09-22,0.0,0.3333333333333333,0.3333333333333333,0.3333333333333333,0.0,0.0
2023-09-25,0.0,0.5,0.0,0.5,0.0,0.0
2023-09-26,0.0,0.5,0.0,0.5,0.0,0.0
2023-09-27,0.25,0.25,0.25,0.25,0.0,0.0
2023-09-28,0.3333333333333333,0.3333333333333333,0.3333333333333333,0.0,0.0,0.0
2023-09-29,0.25,0.25,0.25,0.25,0.0,0.0
2023-10-02,0.3333333333333333,0.3333333333333333,0.3333333333333333,0.0,0.0,0.0
2023-10-03,0.3333333333333333,0.3333333333333333,0.3333333333333333,0.0,0.0,0.0
2023-10-04,0.3333333333333333,0.3333333333333333,0.3333333333333333,0.0,0.0,0.0
2023-10-05,0.0,0.5,0.5,0.0,0.0,0.0
2023-10-06,0.0,0.0,1.0,0.0,0.0,0.0
2023-10-09,0.0,0.0,1.0,0.0,0.0,0.0
2023-10-10,0.0,0.0,1.0,0.0,0.0,0.0
2023-10-11,0.16666666666666666,0.16666666666666666,0.16666666666666666,0.16666666666666666,0.16666666666666666,0.16666666666666666
2023-10-12,0.16666666666666666,0.16666666666666666,0.16666666666666666,0.16666666666666666,0.16666666666666666,0.16666666666666666
2023-10-13,0.46702859679325875,0.0,0.0,0.0,0.4540743677237658,0.07889703548297539
2023-10-16,0.32610927158438036,0.0,0.0,0.0,0.5807040175125913,0.09318671090302838
2023-10-17,0.0,0.0,0.0,0.0,0.054001485949329076,0.9459985140506709
2023-10-18,0.0,0.0,0.0,0.0,0.5,0.5
2023-10-19,0.0,0.3333333333333333,0.0,0.0,0.3333333333333333,0.3333333333333333
2023-10-20,0.25,0.0,0.25,0.0,0.25,0.25
2023-10-23,0.3333333333333333,0.0,0.3333333333333333,0.0,0.3333333333333333,0.0
2023-10-24,0.5,0.0,0.0,0.0,0.5,0.0
2023-10-25,0.3333333333333333,0.0,0.3333333333333333,0.0,0.3333333333333333,0.0
2023-10-26,0.3333333333333333,0.0,0.3333333333333333,0.0,0.3333333333333333,0.0
2023-10-27,0.5,0.0,0.0,0.0,0.5,0.0
2023-10-30,0.5,0.0,0.0,0.0,0.5,0.0
2023-10-31,0.5,0.0,0.0,0.0,0.5,0.0
2023-11-01,0.25,0.25,0.0,0.25,0.25,0.0
2023-11-02,0.0,0.3333333333333333,0.0,0.3333333333333333,0.3333333333333333,0.0
2023-11-03,0.0,0.3333333333333333,0.0,0.3333333333333333,0.3333333333333333,0.0
2023-11-06,0.0,0.3333333333333333,0.0,0.3333333333333333,0.3333333333333333,0.0
2023-11-07,0.0,0.3333333333333333,0.0,0.3333333333333333,0.3333333333333333,0.0
2023-11-08,0.0,0.18156004616416713,0.06741818032927853,0.09986250811177765,0.6511592653947766,0.0
2023-11-09,0.0,0.3333333333333333,0.0,0.3333333333333333,0.3333333333333333,0.0
2023-11-10,0.0,0.0793850459941171,0.027936856152275688,0.055869379173134205,0.836808718680473,0.0
2023-11-13,0.16666666666666666,0.16666666666666666,0.16666666666666666,0.16666666666666666,0.16666666666666666,0.16666666666666666
2023-11-14,0.16666666666666666,0.16666666666666666,0.16666666666666666,0.16666666666666666,0.16666666666666666,0.16666666666666666
2023-11-15,0.16666666666666666,0.16666666666666666,0.16666666666666666,0.16666666666666666,0.16666666666666666,0.16666666666666666
2023-11-16,0.16666666666666666,0.16666666666666666,0.16666666666666666,0.16666666666666666,0.16666666666666666,0.16666666666666666
2023-11-17,0.16666666666666666,0.16666666666666666,0.16666666666666666,0.16666666666666666,0.16666666666666666,0.16666666666666666
2023-11-20,0.16666666666666666,0.16666666666666666,0.16666666666666666,0.16666666666666666,0.16666666666666666,0.16666666666666666
2023-11-21,0.16666666666666666,0.16666666666666666,0.16666666666666666,0.16666666666666666,0.16666666666666666,0.16666666666666666
2023-11-22,0.16666666666666666,0.16666666666666666,0.16666666666666666,0.16666666666666666,0.16666666666666666,0.16666666666666666
2023-11-24,0.16666666666666666,0.16666666666666666,0.16666666666666666,0.16666666666666666,0.16666666666666666,0.16666666666666666
2023-11-27,0.16666666666666666,0.16666666666666666,0.16666666666666666,0.16666666666666666,0.16666666666666666,0.16666666666666666
2023-11-28,0.16666666666666666,0.16666666666666666,0.16666666666666666,0.16666666666666666,0.16666666666666666,0.16666666666666666
2023-11-29,0.16666666666666666,0.16666666666666666,0.16666666666666666,0.16666666666666666,0.16666666666666666,0.16666666666666666
2023-11-30,0.0,0.0,0.3333333333333333,0.3333333333333333,0.0,0.3333333333333333
2023-12-01,0.0,0.0,0.3333333333333333,0.3333333333333333,0.0,0.3333333333333333
2023-12-04,0.0,0.0,0.3333333333333333,0.3333333333333333,0.0,0.3333333333333333
2023-12-05,0.0,0.0,0.3333333333333333,0.3333333333333333,0.0,0.3333333333333333
2023-12-06,0.0,0.0,0.3333333333333333,0.3333333333333333,0.0,0.3333333333333333
2023-12-07,0.0,0.5,0.0,0.0,0.0,0.5
2023-12-08,0.0,0.0,0.0,0.0,0.0,1.0
2023-12-11,0.0,0.3333333333333333,0.0,0.3333333333333333,0.0,0.3333333333333333
2023-12-12,0.0,0.0,0.0,0.3333333333333333,0.3333333333333333,0.3333333333333333
2023-12-13,0.0,0.0,0.0,1.0,0.0,0.0
2023-12-14,0.0,0.5,0.0,0.0,0.5,0.0
2023-12-15,0.0,0.5,0.0,0.5,0.0,0.0
2023-12-18,0.0,0.9548120517233609,0.0,0.012004128416159547,0.0,0.03318381986047942
2023-12-19,0.0,0.8511144852486054,0.0,0.029241907732824184,0.0,0.1196436070185705
2023-12-20,0.0,0.8759028774032259,0.0,0.002946641487822773,0.0,0.12115048110895131
2023-12-21,0.0,0.8766157937368226,0.0,5.726080669529393e-05,0.0,0.12332694545648197
2023-12-22,0.9385046070024796,0.0,0.0,0.06149539299752039,0.0,0.0
2023-12-26,0.9316031670246581,0.0,0.0,0.06839683297534198,0.0,0.0
2023-12-27,0.938690051122388,0.0,0.0,0.06130994887761205,0.0,0.0
2023-12-28,0.9301227296554845,0.0,0.0,0.0698772703445156,0.0,0.0
2023-12-29,0.9589902054933331,0.0,0.01661127540697872,0.024398519099688046,0.0,0.0
2024-01-02,0.25,0.25,0.25,0.0,0.25,0.0
2024-01-03,0.25,0.25,0.25,0.0,0.25,0.0
2024-01-04,0.25,0.25,0.25,0.0,0.25,0.0
2024-01-05,0.25,0.25,0.25,0.0,0.25,0.0
2024-01-08,0.3333333333333333,0.0,0.3333333333333333,0.0,0.3333333333333333,0.0
2024-01-09,0.25,0.25,0.0,0.25,0.25,0.0
2024-01-10,0.25,0.25,0.0,0.25,0.25,0.0
2024-01-11,0.25,0.25,0.0,0.25,0.25,0.0
2024-01-12,0.25,0.25,0.25,0.0,0.25,0.0
2024-01-16,0.3333333333333333,0.0,0.3333333333333333,0.0,0.3333333333333333,0.0
2024-01-17,0.3333333333333333,0.0,0.0,0.3333333333333333,0.3333333333333333,0.0
2024-01-18,0.03925731068346259,0.47242221455052114,0.0,0.08032946318943861,0.40799101157657763,0.0
2024-01-19,0.15318124478169487,0.37406927386159416,0.0,0.10032354876762818,0.37242593258908274,0.0
2024-01-22,0.17855013235711611,0.39245711086017,0.0,0.03864020533863404,0.3903525514440798,0.0
2024-01-23,0.08330081635486856,0.3328961527181323,0.0,0.19860569060267858,0.3851973403243204,0.0
2024-01-24,0.0656114450787744,0.3124616232455296,0.0,0.2628782618809419,0.35904866979475414,0.0
2024-01-25,0.0,0.03674557627877068,0.0,0.6954373073239072,0.26781711639732203,0.0
2024-01-26,0.010631583093769293,0.07777082611539629,0.0,0.6517146355879716,0.2598829552028629,0.0
2024-01-29,0.06640395585057776,0.0,0.0,0.6972887803615009,0.23630726378792133,0.0
2024-01-30,0.062398388488347625,0.0,0.0,0.6981252710026372,0.23947634050901515,0.0
2024-01-31,0.3333333333333333,0.0,0.0,0.3333333333333333,0.3333333333333333,0.0
2024-02-01,0.3333333333333333,0.0,0.0,0.3333333333333333,0.3333333333333333,0.0
2024-02-02,0.25,0.0,0.25,0.25,0.25,0.0
2024-02-05,0.25,0.0,0.25,0.25,0.25,0.0
2024-02-06,0.0,0.0,0.3333333333333333,0.3333333333333333,0.3333333333333333,0.0
2024-02-07,0.0,0.0,0.11071248301790883,0.44024840504185075,0.44903911194024054,0.0
2024-02-08,0.3333333333333333,0.0,0.3333333333333333,0.0,0.3333333333333333,0.0
2024-02-09,0.25,0.0,0.25,0.25,0.25,0.0
2024-02-12,0.3333333333333333,0.0,0.3333333333333333,0.0,0.3333333333333333,0.0
2024-02-13,0.3333333333333333,0.0,0.3333333333333333,0.0,0.3333333333333333,0.0
2024-02-14,0.3333333333333333,0.0,0.3333333333333333,0.0,0.3333333333333333,0.0
2024-02-15,0.25,0.0,0.25,0.25,0.25,0.0
2024-02-16,0.5,0.5,0.0,0.0,0.0,0.0
2024-02-20,0.5,0.5,0.0,0.0,0.0,0.0
2024-02-21,0.5,0.5,0.0,0.0,0.0,0.0
2024-02-22,0.5,0.0,0.5,0.0,0.0,0.0
2024-02-23,0.3333333333333333,0.3333333333333333,0.3333333333333333,0.0,0.0,0.0
2024-02-26,0.25,0.0,0.25,0.25,0.25,0.0
2024-02-27,0.25,0.0,0.25,0.25,0.25,0.0
2024-02-28,0.25,0.0,0.25,0.25,0.25,0.0
2024-02-29,0.3333333333333333,0.0,0.3333333333333333,0.3333333333333333,0.0,0.0
2024-03-01,0.5,0.0,0.5,0.0,0.0,0.0
2024-03-04,0.3333333333333333,0.3333333333333333,0.3333333333333333,0.0,0.0,0.0
2024-03-05,0.3333333333333333,0.3333333333333333,0.0,0.0,0.0,0.3333333333333333
2024-03-06,0.25,0.25,0.0,0.25,0.0,0.25
2024-03-07,0.3333333333333333,0.0,0.3333333333333333,0.0,0.0,0.3333333333333333
2024-03-08,0.2,0.2,0.0,0.2,0.2,0.2
2024-03-11,0.5,0.5,0.0,0.0,0.0,0.0
2024-03-12,0.3333333333333333,0.0,0.3333333333333333,0.0,0.0,0.3333333333333333
2024-03-13,0.3333333333333333,0.0,0.3333333333333333,0.0,0.0,0.3333333333333333
2024-03-14,0.25,0.0,0.25,0.0,0.25,0.25
2024-03-15,0.3333333333333333,0.0,0.3333333333333333,0.0,0.0,0.3333333333333333
2024-03-18,0.3333333333333333,0.0,0.3333333333333333,0.0,0.0,0.3333333333333333
2024-03-19,0.0,0.5787971742712077,0.0,0.0,0.4212028257287923,0.0
2024-03-20,0.0,0.5946140260785423,0.0,0.0,0.4053859739214577,0.0
2024-03-21,0.3333333333333333,0.0,0.3333333333333333,0.0,0.0,0.3333333333333333
2024-03-22,0.25,0.0,0.25,0.0,0.25,0.25
2024-03-25,0.3333333333333333,0.0,0.3333333333333333,0.0,0.0,0.3333333333333333
2024-03-26,0.5,0.0,0.0,0.0,0.0,0.5
2024-03-27,0.16666666666666666,0.16666666666666666,0.16666666666666666,0.16666666666666666,0.16666666666666666,0.16666666666666666
2024-03-28,0.5,0.0,0.0,0.0,0.0,0.5
2024-04-01,0.8308784744722246,0.0,0.0,0.0,0.0,0.1691215255277754
2024-04-02,0.3333333333333333,0.0,0.0,0.0,0.3333333333333333,0.3333333333333333
2024-04-03,0.25,0.25,0.0,0.0,0.25,0.25
2024-04-04,0.3333333333333333,0.3333333333333333,0.0,0.0,0.0,0.3333333333333333
2024-04-05,0.25,0.25,0.0,0.0,0.25,0.25
2024-04-08,0.5,0.0,0.0,0.0,0.0,0.5
2024-04-09,0.3333333333333333,0.3333333333333333,0.0,0.0,0.0,0.3333333333333333
2024-04-10,0.3333333333333333,0.3333333333333333,0.0,0.0,0.0,0.3333333333333333
2024-04-11,0.16666666666666666,0.16666666666666666,0.16666666666666666,0.16666666666666666,0.16666666666666666,0.16666666666666666
2024-04-12,0.25,0.25,0.0,0.0,0.25,0.25
2024-04-15,0.25,0.25,0.0,0.0,0.25,0.25
2024-04-16,0.25,0.25,0.0,0.0,0.25,0.25
2024-04-17,0.25,0.25,0.0,0.0,0.25,0.25
2024-04-18,0.25,0.25,0.0,0.0,0.25,0.25
2024-04-19,0.25,0.25,0.0,0.0,0.25,0.25
2024-04-22,0.25,0.25,0.0,0.0,0.25,0.25
2024-04-23,0.25,0.25,0.0,0.0,0.25,0.25
2024-04-24,0.0,0.3333333333333333,0.3333333333333333,0.0,0.3333333333333333,0.0
2024-04-25,0.0,0.3333333333333333,0.3333333333333333,0.0,0.3333333333333333,0.0
2024-04-26,0.0,0.5,0.0,0.0,0.0,0.5
2024-04-29,0.0,0.5,0.0,0.0,0.0,0.5
2024-04-30,0.0,0.5,0.0,0.0,0.0,0.5
2024-05-01,0.0,0.5,0.0,0.0,0.0,0.5
2024-05-02,0.0,0.9035237578123227,0.0,0.0,0.0,0.0964762421876773
2024-05-03,0.0,0.8976599216981745,0.0,0.0,0.0059776715904667965,0.09636240671135848
2024-05-06,0.16666666666666666,0.16666666666666666,0.16666666666666666,0.16666666666666666,0.16666666666666666,0.16666666666666666
2024-05-07,0.16666666666666666,0.16666666666666666,0.16666666666666666,0.16666666666666666,0.16666666666666666,0.16666666666666666
2024-05-08,0.16666666666666666,0.16666666666666666,0.16666666666666666,0.16666666666666666,0.16666666666666666,0.16666666666666666
2024-05-09,0.16666666666666666,0.16666666666666666,0.16666666666666666,0.16666666666666666,0.16666666666666666,0.16666666666666666
2024-05-10,0.16666666666666666,0.16666666666666666,0.16666666666666666,0.16666666666666666,0.16666666666666666,0.16666666666666666
2024-05-13,0.16666666666666666,0.16666666666666666,0.16666666666666666,0.16666666666666666,0.16666666666666666,0.16666666666666666
2024-05-14,0.16666666666666666,0.16666666666666666,0.16666666666666666,0.16666666666666666,0.16666666666666666,0.16666666666666666
2024-05-15,0.16666666666666666,0.16666666666666666,0.16666666666666666,0.16666666666666666,0.16666666666666666,0.16666666666666666
2024-05-16,0.16666666666666666,0.16666666666666666,0.16666666666666666,0.16666666666666666,0.16666666666666666,0.16666666666666666
2024-05-17,0.16666666666666666,0.16666666666666666,0.16666666666666666,0.16666666666666666,0.16666666666666666,0.16666666666666666
2024-05-20,0.16666666666666666,0.16666666666666666,0.16666666666666666,0.16666666666666666,0.16666666666666666,0.16666666666666666
2024-05-21,0.0,0.0,0.9901350695934122,0.0,0.0,0.009864930406587742
2024-05-22,0.0,0.0,0.8645428719800823,0.0,0.0,0.1354571280199178
2024-05-23,0.0,0.0,0.5,0.0,0.0,0.5
2024-05-24,0.0,0.0,0.9323379567810922,0.0,0.0,0.06766204321890777
2024-05-28,0.25,0.0,0.25,0.0,0.25,0.25
2024-05-29,0.25,0.0,0.25,0.0,0.25,0.25
2024-05-30,0.0,0.5,0.5,0.0,0.0,0.0
2024-05-31,0.0,0.0,1.0,0.0,0.0,0.0
2024-06-03,0.3333333333333333,0.3333333333333333,0.3333333333333333,0.0,0.0,0.0
2024-06-04,0.0,0.3333333333333333,0.3333333333333333,0.0,0.3333333333333333,0.0
2024-06-05,0.0,0.0,0.5,0.0,0.5,0.0
2024-06-06,0.16666666666666666,0.16666666666666666,0.16666666666666666,0.16666666666666666,0.16666666666666666,0.16666666666666666
2024-06-07,0.16666666666666666,0.16666666666666666,0.16666666666666666,0.16666666666666666,0.16666666666666666,0.16666666666666666
2024-06-10,0.0,0.2945653483574618,0.0,0.0,0.5718164645366776,0.13361818710586051
2024-06-11,0.035545077737979325,0.2815526040287008,0.05216385380336085,0.0,0.505195117615883,0.1255433468140761
2024-06-12,0.16666666666666666,0.16666666666666666,0.16666666666666666,0.16666666666666666,0.16666666666666666,0.16666666666666666
2024-06-13,0.16666666666666666,0.16666666666666666,0.16666666666666666,0.16666666666666666,0.16666666666666666,0.16666666666666666
2024-06-14,0.16666666666666666,0.16666666666666666,0.16666666666666666,0.16666666666666666,0.16666666666666666,0.16666666666666666
2024-06-17,0.16666666666666666,0.16666666666666666,0.16666666666666666,0.16666666666666666,0.16666666666666666,0.16666666666666666
2024-06-18,0.0,0.0,0.0,1.0,0.0,0.0
2024-06-20,0.16666666666666666,0.16666666666666666,0.16666666666666666,0.16666666666666666,0.16666666666666666,0.16666666666666666
2024-06-21,0.16666666666666666,0.16666666666666666,0.16666666666666666,0.16666666666666666,0.16666666666666666,0.16666666666666666
2024-06-24,0.0,0.0,0.0,0.5740208326505025,0.08060552557843513,0.3453736417710623
2024-06-25,0.16666666666666666,0.16666666666666666,0.16666666666666666,0.16666666666666666,0.16666666666666666,0.16666666666666666
2024-06-26,0.16666666666666666,0.16666666666666666,0.16666666666666666,0.16666666666666666,0.16666666666666666,0.16666666666666666
2024-06-27,0.16666666666666666,0.16666666666666666,0.16666666666666666,0.16666666666666666,0.16666666666666666,0.16666666666666666
2024-06-28,0.06875643581181691,0.0,0.15772429504325317,0.09145571419942039,0.0,0.6820635549455095
2024-07-01,0.06323277287356759,0.0,0.25441225141017737,0.0,0.0,0.6823549757162549
2024-07-02,0.1389923097584003,0.0,0.2581590838186912,0.11447002115640414,0.0,0.4883785852665045
2024-07-03,0.16666666666666666,0.16666666666666666,0.16666666666666666,0.16666666666666666,0.16666666666666666,0.16666666666666666
2024-07-05,0.16666666666666666,0.16666666666666666,0.16666666666666666,0.16666666666666666,0.16666666666666666,0.16666666666666666
2024-07-08,0.16666666666666666,0.16666666666666666,0.16666666666666666,0.16666666666666666,0.16666666666666666,0.16666666666666666
2024-07-09,0.16666666666666666,0.16666666666666666,0.16666666666666666,0.16666666666666666,0.16666666666666666,0.16666666666666666
2024-07-10,0.16666666666666666,0.16666666666666666,0.16666666666666666,0.16666666666666666,0.16666666666666666,0.16666666666666666
2024-07-11,0.0,0.0,0.40984054359029004,0.0,0.0,0.59015945640971
2024-07-12,0.16666666666666666,0.16666666666666666,0.16666666666666666,0.16666666666666666,0.16666666666666666,0.16666666666666666
2024-07-15,0.0,0.3333333333333333,0.3333333333333333,0.0,0.0,0.3333333333333333
2024-07-16,0.0,0.3333333333333333,0.0,0.0,0.3333333333333333,0.3333333333333333
2024-07-17,0.0,0.3333333333333333,0.3333333333333333,0.0,0.0,0.3333333333333333
2024-07-18,0.0,0.3333333333333333,0.3333333333333333,0.0,0.0,0.3333333333333333
2024-07-19,0.0,0.3333333333333333,0.3333333333333333,0.0,0.0,0.3333333333333333
2024-07-22,0.0,0.5,0.5,0.0,0.0,0.0
2024-07-23,0.0,0.3333333333333333,0.3333333333333333,0.0,0.0,0.3333333333333333
2024-07-24,0.0,0.25,0.25,0.25,0.0,0.25
2024-07-25,0.0,0.25,0.25,0.25,0.0,0.25
2024-07-26,0.0,0.25,0.25,0.25,0.0,0.25
2024-07-29,0.2,0.2,0.2,0.2,0.0,0.2
2024-07-30,0.25,0.25,0.25,0.0,0.0,0.25
2024-07-31,0.3333333333333333,0.3333333333333333,0.0,0.0,0.0,0.3333333333333333
2024-08-01,0.3333333333333333,0.3333333333333333,0.0,0.0,0.0,0.3333333333333333
2024-08-02,0.3333333333333333,0.3333333333333333,0.3333333333333333,0.0,0.0,0.0
2024-08-05,0.3333333333333333,0.3333333333333333,0.3333333333333333,0.0,0.0,0.0
2024-08-06,0.3333333333333333,0.3333333333333333,0.3333333333333333,0.0,0.0,0.0
2024-08-07,0.3333333333333333,0.3333333333333333,0.3333333333333333,0.0,0.0,0.0
2024-08-08,0.3333333333333333,0.3333333333333333,0.3333333333333333,0.0,0.0,0.0
2024-08-09,0.3333333333333333,0.3333333333333333,0.3333333333333333,0.0,0.0,0.0
2024-08-12,0.0,0.25,0.25,0.25,0.25,0.0
2024-08-13,0.0,0.0,0.5,0.5,0.0,0.0
2024-08-14,0.0,0.0,0.3333333333333333,0.3333333333333333,0.0,0.3333333333333333
2024-08-15,0.0,0.0,0.0,0.5,0.0,0.5
2024-08-16,0.0,0.0,0.0,0.9120579247818131,0.0,0.08794207521818695
2024-08-19,0.16666666666666666,0.16666666666666666,0.16666666666666666,0.16666666666666666,0.16666666666666666,0.16666666666666666
2024-08-20,0.16666666666666666,0.16666666666666666,0.16666666666666666,0.16666666666666666,0.16666666666666666,0.16666666666666666
2024-08-21,0.16666666666666666,0.16666666666666666,0.16666666666666666,0.16666666666666666,0.16666666666666666,0.16666666666666666
2024-08-22,0.0,0.0,0.0,0.5,0.0,0.5
2024-08-23,0.16666666666666666,0.16666666666666666,0.16666666666666666,0.16666666666666666,0.16666666666666666,0.16666666666666666
2024-08-26,0.16666666666666666,0.16666666666666666,0.16666666666666666,0.16666666666666666,0.16666666666666666,0.16666666666666666
2024-08-27,0.2813702323234858,0.0,0.0,0.0,0.7186297676765142,0.0
2024-08-28,0.0,0.3333333333333333,0.0,0.3333333333333333,0.3333333333333333,0.0
2024-08-29,0.0,0.5,0.0,0.5,0.0,0.0
2024-08-30,0.16666666666666666,0.16666666666666666,0.16666666666666666,0.16666666666666666,0.16666666666666666,0.16666666666666666
2024-09-03,0.0,0.5,0.0,0.5,0.0,0.0
2024-09-04,0.0,0.5,0.0,0.5,0.0,0.0
2024-09-05,0.0,0.5,0.0,0.5,0.0,0.0
2024-09-06,0.0,0.5,0.0,0.5,0.0,0.0
2024-09-09,0.0,0.5,0.0,0.5,0.0,0.0
2024-09-10,0.5,0.0,0.0,0.5,0.0,0.0
2024-09-11,0.5,0.0,0.0,0.5,0.0,0.0
2024-09-12,0.3333333333333333,0.0,0.0,0.3333333333333333,0.3333333333333333,0.0
2024-09-13,0.5,0.0,0.0,0.0,0.5,0.0
2024-09-16,0.5,0.0,0.0,0.0,0.5,0.0
2024-09-17,0.5,0.0,0.0,0.0,0.5,0.0
2024-09-18,0.3333333333333333,0.3333333333333333,0.0,0.0,0.3333333333333333,0.0
2024-09-19,0.16666666666666666,0.16666666666666666,0.16666666666666666,0.16666666666666666,0.16666666666666666,0.16666666666666666
2024-09-20,0.0,0.0,0.0,0.0,0.017389569327816292,0.9826104306721838
2024-09-23,0.16666666666666666,0.16666666666666666,0.16666666666666666,0.16666666666666666,0.16666666666666666,0.16666666666666666
2024-09-24,0.16666666666666666,0.16666666666666666,0.16666666666666666,0.16666666666666666,0.16666666666666666,0.16666666666666666
2024-09-25,0.16666666666666666,0.16666666666666666,0.16666666666666666,0.16666666666666666,0.16666666666666666,0.16666666666666666
2024-09-26,0.16666666666666666,0.16666666666666666,0.16666666666666666,0.16666666666666666,0.16666666666666666,0.16666666666666666
2024-09-27,0.16666666666666666,0.16666666666666666,0.16666666666666666,0.16666666666666666,0.16666666666666666,0.16666666666666666
2024-09-30,0.16666666666666666,0.16666666666666666,0.16666666666666666,0.16666666666666666,0.16666666666666666,0.16666666666666666
2024-10-01,0.0,1.0,0.0,0.0,0.0,0.0
2024-10-02,0.0,0.5,0.5,0.0,0.0,0.0
2024-10-03,0.3333333333333333,0.3333333333333333,0.3333333333333333,0.0,0.0,0.0
2024-10-04,0.5,0.5,0.0,0.0,0.0,0.0
2024-10-07,0.3333333333333333,0.3333333333333333,0.3333333333333333,0.0,0.0,0.0
2024-10-08,0.0,0.5,0.5,0.0,0.0,0.0
2024-10-09,0.0,0.5,0.5,0.0,0.0,0.0
2024-10-10,0.0,1.0,0.0,0.0,0.0,0.0
2024-10-11,0.0,0.5,0.0,0.0,0.5,0.0
2024-10-14,0.0,0.5,0.0,0.0,0.5,0.0
2024-10-15,0.0,0.5,0.0,0.0,0.5,0.0
2024-10-16,0.0,0.3333333333333333,0.0,0.3333333333333333,0.3333333333333333,0.0
2024-10-17,0.0,0.3333333333333333,0.0,0.3333333333333333,0.3333333333333333,0.0
2024-10-18,0.0,0.3333333333333333,0.0,0.3333333333333333,0.3333333333333333,0.0
2024-10-21,0.0,0.5,0.0,0.0,0.5,0.0
2024-10-22,0.0,0.1709004652441268,0.019243609294872406,0.0,0.8098559254610009,0.0
2024-10-23,0.0,0.0,0.25,0.25,0.25,0.25
2024-10-24,0.0,0.0,0.0,0.9490821198044406,0.0,0.05091788019555945
2024-10-25,0.16666666666666666,0.16666666666666666,0.16666666666666666,0.16666666666666666,0.16666666666666666,0.16666666666666666
2024-10-28,0.16666666666666666,0.16666666666666666,0.16666666666666666,0.16666666666666666,0.16666666666666666,0.16666666666666666
2024-10-29,0.16666666666666666,0.16666666666666666,0.16666666666666666,0.16666666666666666,0.16666666666666666,0.16666666666666666
2024-10-30,0.8310488477765967,0.0,0.0,0.16895115222340334,0.0,0.0
2024-10-31,0.5,0.5,0.0,0.0,0.0,0.0
2024-11-01,0.5,0.5,0.0,0.0,0.0,0.0
2024-11-04,0.5,0.5,0.0,0.0,0.0,0.0
2024-11-05,0.5,0.5,0.0,0.0,0.0,0.0
2024-11-06,0.8564506468225518,0.0,0.14354935317744835,0.0,0.0,0.0
2024-11-07,0.8379293262266996,0.0,0.16207067377330045,0.0,0.0,0.0
2024-11-08,0.8417719512481282,0.0,0.155378546783287,0.0,0.0028495019685847926,0.0
2024-11-11,0.3333333333333333,0.0,0.3333333333333333,0.0,0.3333333333333333,0.0
2024-11-12,0.8591093999511357,0.0,0.13793392700515494,0.0,0.002956673043709369,0.0
2024-11-13,0.8575393581127312,0.0,0.10404651519655911,0.033261655155279984,0.005152471535429781,0.0
2024-11-14,0.790180364715957,0.0,0.12368816167362442,0.07709277853655533,0.00903869507386316,0.0
2024-11-15,0.3333333333333333,0.3333333333333333,0.0,0.0,0.3333333333333333,0.0
2024-11-18,0.0,0.3333333333333333,0.0,0.0,0.3333333333333333,0.3333333333333333
2024-11-19,0.0,0.9910510895991517,0.0,0.0,0.00894891040084838,0.0
2024-11-20,0.0,0.9993511680539215,0.0,0.0,0.0006488319460784523,0.0
2024-11-21,0.0,0.5,0.0,0.5,0.0,0.0
2024-11-22,0.0,0.0,0.0,1.0,0.0,0.0
2024-11-25,0.3333333333333333,0.0,0.0,0.3333333333333333,0.0,0.3333333333333333
2024-11-26,0.3333333333333333,0.0,0.0,0.3333333333333333,0.0,0.3333333333333333
2024-11-27,0.0,0.0,0.0,0.5,0.0,0.5
2024-11-29,0.0,0.0,0.0,0.5,0.0,0.5
2024-12-02,0.3333333333333333,0.0,0.0,0.3333333333333333,0.0,0.3333333333333333
2024-12-03,0.0,0.0,0.0,0.5,0.0,0.5
2024-12-04,0.16666666666666666,0.16666666666666666,0.16666666666666666,0.16666666666666666,0.16666666666666666,0.16666666666666666
2024-12-05,0.0,0.31637995327577006,0.0,0.6836200467242299,0.0,0.0
2024-12-06,0.3675771032610458,0.0,0.029710202985997837,0.0,0.04846068448760317,0.5542520092653531
2024-12-09,0.45778669506218694,0.0,0.0,0.0,0.05614080785107036,0.48607249708674266
2024-12-10,0.4688713560696695,0.0,0.0,0.01855061501233284,0.04286263308007834,0.4697153958379193
2024-12-11,0.5277203768407668,0.0,0.0,0.0,0.032561702665746296,0.43971792049348696
2024-12-12,0.5207070767215707,0.0,0.0,0.017572955800249694,0.024609487096972724,0.4371104803812068
2024-12-13,0.5485346790510051,0.0,0.0,0.015804962182291823,0.0029978736612085053,0.43266248510549454
2024-12-16,0.605700438933145,0.0,0.0,0.011348098654149513,0.014060877800589205,0.3688905846121164
2024-12-17,0.6215367132807533,0.0,0.0,0.014541294147798317,0.026952485079735414,0.3369695074917129
2024-12-18,0.5619690820590122,0.0,0.0,0.027874357126648052,0.016344492694767832,0.39381206811957187
2024-12-19,0.5380782374204267,0.0,0.0,0.04036239858451454,0.021255664286084074,0.4003036997089748
2024-12-20,0.25,0.25,0.0,0.25,0.0,0.25
2024-12-23,0.0,0.9402579513634399,0.0,0.05974204863656011,0.0,0.0
2024-12-24,0.0,0.9569449982063238,0.0,0.04305500179367627,0.0,0.0
2024-12-26,0.0,0.9666818874811705,0.0,0.03331811251882951,0.0,0.0
2024-12-27,0.0,0.5,0.0,0.5,0.0,0.0
2024-12-30,0.0,0.5,0.0,0.5,0.0,0.0
2024-12-31,0.0,0.5,0.0,0.5,0.0,0.0
2025-01-02,0.0,0.5,0.0,0.5,0.0,0.0
2025-01-03,0.3333333333333333,0.3333333333333333,0.0,0.3333333333333333,0.0,0.0
2025-01-06,0.5,0.5,0.0,0.0,0.0,0.0
2025-01-07,0.5,0.5,0.0,0.0,0.0,0.0
2025-01-08,0.5,0.5,0.0,0.0,0.0,0.0
2025-01-10,0.3333333333333333,0.3333333333333333,0.3333333333333333,0.0,0.0,0.0
2025-01-13,0.3333333333333333,0.3333333333333333,0.3333333333333333,0.0,0.0,0.0
2025-01-14,0.3333333333333333,0.3333333333333333,0.3333333333333333,0.0,0.0,0.0
2025-01-15,0.5,0.5,0.0,0.0,0.0,0.0
2025-01-16,0.25,0.25,0.25,0.0,0.0,0.25
2025-01-17,0.8836941918468699,0.1126096782944853,0.0,0.0,0.0,0.003696129858644813
2025-01-21,0.710322554343496,0.0,0.28700790986755714,0.0,0.0,0.0026695357889468313
2025-01-22,0.3333333333333333,0.0,0.3333333333333333,0.0,0.0,0.3333333333333333
2025-01-23,0.3333333333333333,0.0,0.3333333333333333,0.0,0.0,0.3333333333333333
2025-01-24,0.3333333333333333,0.0,0.3333333333333333,0.0,0.0,0.3333333333333333
2025-01-27,0.3333333333333333,0.0,0.0,0.0,0.3333333333333333,0.3333333333333333
2025-01-28,0.3333333333333333,0.0,0.0,0.0,0.3333333333333333,0.3333333333333333
2025-01-29,0.3333333333333333,0.0,0.0,0.0,0.3333333333333333,0.3333333333333333
2025-01-30,0.0,0.3333333333333333,0.0,0.3333333333333333,0.3333333333333333,0.0
2025-01-31,0.0,0.3333333333333333,0.0,0.0,0.3333333333333333,0.3333333333333333
2025-02-03,0.25,0.25,0.0,0.0,0.25,0.25
2025-02-04,0.0,0.5,0.0,0.0,0.5,0.0
2025-02-05,0.0,0.3333333333333333,0.0,0.3333333333333333,0.3333333333333333,0.0
2025-02-06,0.0,0.3333333333333333,0.0,0.3333333333333333,0.3333333333333333,0.0
2025-02-07,0.25,0.25,0.0,0.25,0.25,0.0
2025-02-10,0.0,0.3333333333333333,0.0,0.3333333333333333,0.3333333333333333,0.0
2025-02-11,0.0,0.3333333333333333,0.0,0.3333333333333333,0.3333333333333333,0.0
2025-02-12,0.0,0.3333333333333333,0.0,0.3333333333333333,0.3333333333333333,0.0
2025-02-13,0.0,0.3333333333333333,0.0,0.3333333333333333,0.3333333333333333,0.0
2025-02-14,0.0,0.25,0.25,0.25,0.25,0.0
2025-02-18,0.0,0.0,0.5,0.0,0.5,0.0
2025-02-19,0.0,0.0,0.3333333333333333,0.0,0.3333333333333333,0.3333333333333333
2025-02-20,0.0,0.0,0.3333333333333333,0.0,0.3333333333333333,0.3333333333333333
2025-02-21,0.0,0.0,0.3333333333333333,0.0,0.3333333333333333,0.3333333333333333
2025-02-24,0.0,0.3333333333333333,0.3333333333333333,0.0,0.3333333333333333,0.0
2025-02-25,0.0,0.3333333333333333,0.3333333333333333,0.0,0.3333333333333333,0.0
2025-02-26,0.0,0.25,0.25,0.25,0.25,0.0
2025-02-27,0.0,0.3333333333333333,0.0,0.3333333333333333,0.3333333333333333,0.0
2025-02-28,0.0,0.5,0.0,0.5,0.0,0.0
2025-03-03,0.0,0.5,0.0,0.5,0.0,0.0
2025-03-04,0.5,0.5,0.0,0.0,0.0,0.0
2025-03-05,0.0,0.0,0.3333333333333333,0.0,0.3333333333333333,0.3333333333333333
2025-03-06,0.25,0.0,0.25,0.25,0.25,0.0
2025-03-07,0.0,0.3333333333333333,0.3333333333333333,0.0,0.3333333333333333,0.0
2025-03-10,0.3333333333333333,0.3333333333333333,0.3333333333333333,0.0,0.0,0.0
2025-03-11,0.3333333333333333,0.3333333333333333,0.3333333333333333,0.0,0.0,0.0
2025-03-12,0.3333333333333333,0.3333333333333333,0.3333333333333333,0.0,0.0,0.0
2025-03-13,0.3333333333333333,0.3333333333333333,0.3333333333333333,0.0,0.0,0.0
2025-03-14,0.3333333333333333,0.0,0.3333333333333333,0.3333333333333333,0.0,0.0
2025-03-17,0.3333333333333333,0.0,0.3333333333333333,0.3333333333333333,0.0,0.0
2025-03-18,0.3333333333333333,0.0,0.3333333333333333,0.3333333333333333,0.0,0.0
2025-03-19,0.3333333333333333,0.0,0.3333333333333333,0.3333333333333333,0.0,0.0
2025-03-20,0.3333333333333333,0.0,0.3333333333333333,0.3333333333333333,0.0,0.0
2025-03-21,0.0,0.0,0.5,0.5,0.0,0.0
2025-03-24,0.7858447939886575,0.0,0.0,0.0,0.011664528534568992,0.20249067747677343
2025-03-25,0.8216361032938668,0.0,0.0,0.0,0.0,0.17836389670613317
2025-03-26,0.3333333333333333,0.0,0.0,0.3333333333333333,0.0,0.3333333333333333
2025-03-27,0.0,0.0,0.0,0.5,0.0,0.5
2025-03-28,0.0,0.3333333333333333,0.3333333333333333,0.3333333333333333,0.0,0.0
2025-03-31,0.0,0.3333333333333333,0.3333333333333333,0.3333333333333333,0.0,0.0
2025-04-01,0.0,0.0,0.5,0.5,0.0,0.0
2025-04-02,0.0,0.5,0.0,0.5,0.0,0.0
2025-04-03,0.0,0.3333333333333333,0.3333333333333333,0.3333333333333333,0.0,0.0
2025-04-04,0.0,0.5,0.5,0.0,0.0,0.0
2025-04-07,0.0,0.5,0.5,0.0,0.0,0.0
2025-04-08,0.0,0.5,0.5,0.0,0.0,0.0
2025-04-09,0.3333333333333333,0.0,0.0,0.3333333333333333,0.0,0.3333333333333333
2025-04-10,0.3333333333333333,0.0,0.0,0.3333333333333333,0.0,0.3333333333333333
2025-04-11,0.5,0.0,0.5,0.0,0.0,0.0
2025-04-14,0.3333333333333333,0.3333333333333333,0.3333333333333333,0.0,0.0,0.0
2025-04-15,0.5,0.0,0.5,0.0,0.0,0.0
2025-04-16,0.0,0.5,0.5,0.0,0.0,0.0
2025-04-17,0.0,0.5,0.5,0.0,0.0,0.0
2025-04-21,0.0,0.5,0.5,0.0,0.0,0.0
2025-04-22,0.0,0.5,0.5,0.0,0.0,0.0
2025-04-23,0.0,0.3333333333333333,0.3333333333333333,0.0,0.0,0.3333333333333333
2025-04-24,0.16666666666666666,0.16666666666666666,0.16666666666666666,0.16666666666666666,0.16666666666666666,0.16666666666666666
2025-04-25,0.16666666666666666,0.16666666666666666,0.16666666666666666,0.16666666666666666,0.16666666666666666,0.16666666666666666
2025-04-28,0.16666666666666666,0.16666666666666666,0.16666666666666666,0.16666666666666666,0.16666666666666666,0.16666666666666666
2025-04-29,0.16666666666666666,0.16666666666666666,0.16666666666666666,0.16666666666666666,0.16666666666666666,0.16666666666666666
2025-04-30,0.16666666666666666,0.16666666666666666,0.16666666666666666,0.16666666666666666,0.16666666666666666,0.16666666666666666
2025-05-01,0.16666666666666666,0.16666666666666666,0.16666666666666666,0.16666666666666666,0.16666666666666666,0.16666666666666666
2025-05-02,0.16666666666666666,0.16666666666666666,0.16666666666666666,0.16666666666666666,0.16666666666666666,0.16666666666666666
2025-05-05,0.7963688657021049,0.0,0.0,0.0,0.0,0.20363113429789514
2025-05-06,0.6575370871539516,0.34160498325270783,0.0,0.0,0.0008579295933405934,0.0
2025-05-07,0.3333333333333333,0.0,0.0,0.3333333333333333,0.0,0.3333333333333333
2025-05-08,0.3333333333333333,0.0,0.0,0.3333333333333333,0.0,0.3333333333333333
2025-05-09,0.3333333333333333,0.0,0.0,0.3333333333333333,0.0,0.3333333333333333
2025-05-12,0.16666666666666666,0.16666666666666666,0.16666666666666666,0.16666666666666666,0.16666666666666666,0.16666666666666666
2025-05-13,0.16666666666666666,0.16666666666666666,0.16666666666666666,0.16666666666666666,0.16666666666666666,0.16666666666666666
2025-05-14,0.16666666666666666,0.16666666666666666,0.16666666666666666,0.16666666666666666,0.16666666666666666,0.16666666666666666
2025-05-15,0.16666666666666666,0.16666666666666666,0.16666666666666666,0.16666666666666666,0.16666666666666666,0.16666666666666666
2025-05-16,0.16666666666666666,0.16666666666666666,0.16666666666666666,0.16666666666666666,0.16666666666666666,0.16666666666666666
2025-05-19,0.16666666666666666,0.16666666666666666,0.16666666666666666,0.16666666666666666,0.16666666666666666,0.16666666666666666
2025-05-20,0.16666666666666666,0.16666666666666666,0.16666666666666666,0.16666666666666666,0.16666666666666666,0.16666666666666666
2025-05-21,0.7145990172785058,0.18414837919086002,0.0,0.0,0.0,0.10125260353063412
2025-05-22,0.7210762965140061,0.18300063485618182,0.0,0.0,0.0,0.09592306862981209
2025-05-23,0.7718505536013999,0.1557445085343874,0.0,0.0,0.0,0.07240493786421265
2025-05-27,0.8224483413223078,0.14778035916330828,0.0,0.0,0.0,0.029771299514383846
2025-05-28,0.8047764736580237,0.1912638235183336,0.0,0.0,0.0,0.00395970282364265
2025-05-29,0.7708062963784436,0.18260517923133746,0.0,0.0,0.0,0.046588524390219
2025-05-30,0.6320325649198337,0.28759843521510614,0.0,0.0,0.0,0.08036899986506026
2025-06-02,0.961872637250393,0.0,0.0,0.0,0.0,0.03812736274960708
2025-06-03,1.0,0.0,0.0,0.0,0.0,0.0
2025-06-04,0.5,0.0,0.0,0.0,0.5,0.0
2025-06-05,0.3333333333333333,0.0,0.0,0.3333333333333333,0.3333333333333333,0.0
2025-06-06,0.0,0.3333333333333333,0.3333333333333333,0.0,0.3333333333333333,0.0
2025-06-09,0.5,0.0,0.0,0.0,0.5,0.0
2025-06-10,0.5,0.0,0.0,0.0,0.5,0.0
2025-06-11,0.5,0.0,0.0,0.5,0.0,0.0
2025-06-12,0.5,0.0,0.0,0.0,0.5,0.0
2025-06-13,0.5,0.0,0.0,0.5,0.0,0.0
2025-06-16,0.5,0.0,0.0,0.5,0.0,0.0
2025-06-17,0.5,0.0,0.0,0.5,0.0,0.0
2025-06-18,0.5,0.0,0.0,0.5,0.0,0.0
2025-06-20,0.3333333333333333,0.0,0.0,0.3333333333333333,0.0,0.3333333333333333
2025-06-23,0.3333333333333333,0.0,0.0,0.3333333333333333,0.0,0.3333333333333333
2025-06-24,0.2237432563544067,0.0,0.0,0.6241770967662362,0.0,0.15207964687935702
2025-06-25,0.25,0.25,0.0,0.25,0.25,0.0
2025-06-26,0.0,0.11507488955204974,0.13134700103403193,0.0,0.7535781094139183,0.0
2025-06-27,0.0,0.017051204165859656,0.18935637673080546,0.0,0.7935924191033348,0.0
2025-06-30,0.0,0.0,0.026586733842097504,0.0,0.8709331537409617,0.10248011241694066
2025-07-01,0.0,0.0,0.05063830786677909,0.0,0.949361692133221,0.0
2025-07-02,0.0,0.0,0.23005429814054118,0.0,0.7699457018594589,0.0
2025-07-03,0.0,0.0,0.2516153748934241,0.0,0.7483846251065759,0.0
2025-07-07,0.0,0.0,0.35568043776457986,0.0,0.34226146488301284,0.3020580973524074
2025-07-08,0.0,0.0,0.3333333333333333,0.0,0.3333333333333333,0.3333333333333333
2025-07-09,0.0,0.0,0.4437390596710467,0.0,0.35599770438990025,0.20026323593905304
2025-07-10,0.0,0.0,0.44229572830366426,0.0,0.3782385365851425,0.17946573511119326
2025-07-11,0.0,0.0,0.45002600182025587,0.0,0.34852920792242664,0.20144479025731737
2025-07-14,0.0,0.0,0.45998178836498954,0.0,0.3442293689740659,0.19578884266094462
2025-07-15,0.0,0.0,0.4470906700357068,0.0,0.3784493998276342,0.17445993013665884
2025-07-16,0.16666666666666666,0.16666666666666666,0.16666666666666666,0.16666666666666666,0.16666666666666666,0.16666666666666666
2025-07-17,0.16666666666666666,0.16666666666666666,0.16666666666666666,0.16666666666666666,0.16666666666666666,0.16666666666666666
2025-07-18,0.16666666666666666,0.16666666666666666,0.16666666666666666,0.16666666666666666,0.16666666666666666,0.16666666666666666
2025-07-21,0.16666666666666666,0.16666666666666666,0.16666666666666666,0.16666666666666666,0.16666666666666666,0.16666666666666666
2025-07-22,0.16666666666666666,0.16666666666666666,0.16666666666666666,0.16666666666666666,0.16666666666666666,0.16666666666666666
2025-07-23,0.16666666666666666,0.16666666666666666,0.16666666666666666,0.16666666666666666,0.16666666666666666,0.16666666666666666
2025-07-24,0.004038179406354523,0.09338749286632486,0.6247719374191664,0.0,0.27780239030815423,0.0
2025-07-25,0.16666666666666666,0.16666666666666666,0.16666666666666666,0.16666666666666666,0.16666666666666666,0.16666666666666666
2025-07-28,0.16666666666666666,0.16666666666666666,0.16666666666666666,0.16666666666666666,0.16666666666666666,0.16666666666666666
2025-07-29,0.6817853564799929,0.31821464352000706,0.0,0.0,0.0,0.0
2025-07-30,0.9311488291872869,0.06885117081271311,0.0,0.0,0.0,0.0
2025-07-31,1.0,0.0,0.0,0.0,0.0,0.0
2025-08-01,0.5,0.0,0.5,0.0,0.0,0.0
2025-08-04,1.0,0.0,0.0,0.0,0.0,0.0
2025-08-05,1.0,0.0,0.0,0.0,0.0,0.0
2025-08-06,0.0,0.0,0.8843362279193874,0.0,0.11566377208061267,0.0
2025-08-07,0.0,0.0,0.9084767345387383,0.0,0.09152326546126163,0.0
2025-08-08,0.0,0.0,0.8817514960510117,0.032902547612219384,0.0853459563367689,0.0
2025-08-11,0.0,0.0,0.8323296139680008,0.08552381329862044,0.08214657273337873,0.0
2025-08-12,0.0,0.0,0.8050867187723795,0.10869695501332301,0.0862163262142976,0.0
2025-08-13,0.0,0.0,0.7676833944518586,0.1511334832853932,0.08118312226274825,0.0
2025-08-14,0.16666666666666666,0.16666666666666666,0.16666666666666666,0.16666666666666666,0.16666666666666666,0.16666666666666666
2025-08-15,0.16666666666666666,0.16666666666666666,0.16666666666666666,0.16666666666666666,0.16666666666666666,0.16666666666666666
2025-08-18,0.13232332332604313,0.8026968966446925,0.0,0.0,0.06497978002926437,0.0
2025-08-19,0.25,0.25,0.0,0.0,0.25,0.25
2025-08-20,0.25,0.25,0.0,0.0,0.25,0.25
2025-08-21,0.25,0.25,0.0,0.0,0.25,0.25
2025-08-22,0.3333333333333333,0.3333333333333333,0.0,0.0,0.3333333333333333,0.0
2025-08-25,0.0687036714178499,0.7498036517615354,0.0,0.0,0.18149267682061457,0.0
2025-08-26,0.07390914408517618,0.7332678470406039,0.0,0.0,0.19282300887421996,0.0
2025-08-27,0.08584408876842702,0.6883709902352498,0.0,0.0,0.22578492099632314,0.0
2025-08-28,0.07521037349978511,0.804422480913912,0.0,0.0,0.1203671455863029,0.0
2025-08-29,0.25,0.25,0.25,0.0,0.0,0.25
2025-09-02,0.3333333333333333,0.3333333333333333,0.0,0.0,0.0,0.3333333333333333
2025-09-03,0.3333333333333333,0.3333333333333333,0.0,0.0,0.0,0.3333333333333333
2025-09-04,0.0,0.3333333333333333,0.0,0.3333333333333333,0.0,0.3333333333333333
2025-09-05,0.0,0.5,0.0,0.0,0.0,0.5
2025-09-08,0.3333333333333333,0.3333333333333333,0.0,0.0,0.0,0.3333333333333333
2025-09-09,0.25,0.25,0.0,0.0,0.25,0.25
2025-09-10,0.3333333333333333,0.3333333333333333,0.0,0.0,0.3333333333333333,0.0
2025-09-11,0.0,0.5,0.0,0.0,0.5,0.0
2025-09-12,0.0,0.0,0.8362951056023902,0.06908824859966206,0.09461664579794768,0.0
2025-09-15,0.16666666666666666,0.16666666666666666,0.16666666666666666,0.16666666666666666,0.16666666666666666,0.16666666666666666
2025-09-16,0.49368978835037847,0.0,0.0,0.0,0.0,0.5063102116496215
2025-09-17,0.5038869796718829,0.0,0.0,0.0,0.0,0.496113020328117
2025-09-18,0.16666666666666666,0.16666666666666666,0.16666666666666666,0.16666666666666666,0.16666666666666666,0.16666666666666666
2025-09-19,0.16666666666666666,0.16666666666666666,0.16666666666666666,0.16666666666666666,0.16666666666666666,0.16666666666666666
2025-09-22,0.0,0.0,0.8900626078921733,0.0,0.031166871276728042,0.07877052083109866
2025-09-23,0.0,0.0,0.9840649462459072,0.0,0.0,0.01593505375409266
2025-09-24,0.0,0.0,0.9629023805260457,0.0,0.0,0.03709761947395428
2025-09-25,0.0,0.0,0.9631582793722091,0.0,0.0,0.03684172062779087
2025-09-26,0.0,0.0,0.9765402073478674,0.0,0.0,0.023459792652132633
2025-09-29,0.0,0.0,0.981118437122449,0.0,0.0,0.018881562877551123
2025-09-30,0.0,0.0,0.5,0.0,0.0,0.5
2025-10-01,0.0,0.0,0.9102541337029192,0.0,0.007880260001572941,0.08186560629550804
2025-10-02,0.0,0.0,0.8918293507962813,0.0,0.03456092214495525,0.07360972705876348
2025-10-03,0.0,0.0,0.5,0.0,0.0,0.5
2025-10-06,0.0,0.09139153044693915,0.8642300715070371,0.0,0.0,0.04437839804602372
2025-10-07,0.0,0.0,0.3333333333333333,0.3333333333333333,0.0,0.3333333333333333
2025-10-08,0.0,0.0,0.0,0.883030818400116,0.017979493371576272,0.09898968822830763
2025-10-09,0.0,0.0,0.0,0.849625618525488,0.03490454997275714,0.11546983150175483
2025-10-10,0.3333333333333333,0.0,0.3333333333333333,0.3333333333333333,0.0,0.0
2025-10-13,0.25,0.25,0.25,0.25,0.0,0.0
2025-10-14,0.5,0.0,0.5,0.0,0.0,0.0
2025-10-15,0.3333333333333333,0.3333333333333333,0.3333333333333333,0.0,0.0,0.0
2025-10-16,0.3333333333333333,0.3333333333333333,0.3333333333333333,0.0,0.0,0.0
2025-10-17,0.3333333333333333,0.3333333333333333,0.3333333333333333,0.0,0.0,0.0
2025-10-20,0.0,0.0,0.5,0.5,0.0,0.0
2025-10-21,0.0,0.13807573838173115,0.0,0.0,0.0,0.861924261618269
2025-10-22,0.0,0.0,0.3333333333333333,0.3333333333333333,0.0,0.3333333333333333
2025-10-23,0.08056580142187854,0.07996116306693525,0.0,0.0,0.0,0.8394730355111861
2025-10-24,0.10072200079366593,0.0,0.0,0.0,0.899277999206334,0.0
2025-10-27,0.16666666666666666,0.16666666666666666,0.16666666666666666,0.16666666666666666,0.16666666666666666,0.16666666666666666
2025-10-28,0.16666666666666666,0.16666666666666666,0.16666666666666666,0.16666666666666666,0.16666666666666666,0.16666666666666666
2025-10-29,0.16666666666666666,0.16666666666666666,0.16666666666666666,0.16666666666666666,0.16666666666666666,0.16666666666666666
2025-10-30,0.16666666666666666,0.16666666666666666,0.16666666666666666,0.16666666666666666,0.16666666666666666,0.16666666666666666
2025-10-31,0.0,0.7562798115939908,0.13124992406340735,0.11247026434260168,0.0,0.0
2025-11-03,0.0,0.7382237711484753,0.11484356730026368,0.14693266155126103,0.0,0.0
2025-11-04,0.0,0.7190496972229592,0.1082682998028152,0.17268200297422567,0.0,0.0
2025-11-05,0.0,0.691674836459261,0.10294158994425809,0.2053835735964809,0.0,0.0
2025-11-06,0.0,0.3333333333333333,0.3333333333333333,0.3333333333333333,0.0,0.0
2025-11-07,0.0,0.3333333333333333,0.3333333333333333,0.3333333333333333,0.0,0.0
2025-11-10,0.0,0.3333333333333333,0.3333333333333333,0.3333333333333333,0.0,0.0
2025-11-11,0.0,0.25,0.25,0.25,0.25,0.0
2025-11-12,0.0,0.3333333333333333,0.0,0.3333333333333333,0.3333333333333333,0.0
2025-11-13,0.0,0.5,0.0,0.0,0.5,0.0
2025-11-14,0.0,0.5,0.0,0.0,0.5,0.0
2025-11-17,0.3333333333333333,0.3333333333333333,0.0,0.0,0.3333333333333333,0.0
2025-11-18,0.25,0.25,0.25,0.0,0.25,0.0
2025-11-19,0.0,0.3333333333333333,0.3333333333333333,0.3333333333333333,0.0,0.0
2025-11-20,0.25,0.25,0.25,0.0,0.25,0.0
2025-11-21,0.0,0.3333333333333333,0.3333333333333333,0.3333333333333333,0.0,0.0
2025-11-24,0.0,0.3333333333333333,0.3333333333333333,0.3333333333333333,0.0,0.0
2025-11-25,0.0,0.25,0.25,0.25,0.0,0.25
2025-11-26,0.0,0.25,0.25,0.25,0.0,0.25
2025-11-28,0.0,0.25,0.25,0.25,0.0,0.25
2025-12-01,0.0,0.3333333333333333,0.0,0.3333333333333333,0.0,0.3333333333333333
2025-12-02,0.25,0.25,0.0,0.25,0.0,0.25
2025-12-03,0.25,0.25,0.0,0.25,0.0,0.25
2025-12-04,0.0,0.5,0.0,0.5,0.0,0.0
2025-12-05,0.0,0.25,0.25,0.25,0.0,0.25
2025-12-08,0.0,0.0,0.9186338828679961,0.0,0.0,0.08136611713200387
2025-12-09,0.0,0.0,0.9295670946223994,0.0,0.0,0.07043290537760064
2025-12-10,0.3155912497399853,0.5182166527037594,0.0,0.12102831398689506,0.04516378356936032,0.0
2025-12-11,0.0,0.3333333333333333,0.0,0.3333333333333333,0.0,0.3333333333333333
2025-12-12,0.0,0.0,0.5,0.0,0.0,0.5
2025-12-15,0.25,0.25,0.25,0.0,0.0,0.25
2025-12-16,0.2,0.2,0.2,0.2,0.0,0.2
2025-12-17,0.2,0.2,0.2,0.2,0.0,0.2
2025-12-18,0.25,0.25,0.0,0.25,0.0,0.25
2025-12-19,0.3333333333333333,0.3333333333333333,0.0,0.3333333333333333,0.0,0.0
2025-12-22,0.3333333333333333,0.3333333333333333,0.0,0.3333333333333333,0.0,0.0
2025-12-23,0.7528491301413124,0.08978933033809208,0.0,0.15736153952059553,0.0,0.0
2025-12-24,0.7277390836442971,0.10041276444266016,0.0,0.17184815191304284,0.0,0.0
2025-12-26,0.7258367627619221,0.11187066524376316,0.0,0.159181812470656,0.0031107595236588054,0.0
2025-12-29,0.25,0.25,0.0,0.25,0.25,0.0
2025-12-30,0.25,0.25,0.0,0.0,0.25,0.25
2025-12-31,0.3333333333333333,0.3333333333333333,0.0,0.0,0.3333333333333333,0.0
2026-01-02,0.25,0.25,0.0,0.25,0.25,0.0
2026-01-05,0.25,0.25,0.0,0.25,0.25,0.0
2026-01-06,0.2,0.2,0.2,0.0,0.2,0.2
2026-01-07,0.25,0.25,0.25,0.0,0.25,0.0
2026-01-08,0.25,0.25,0.25,0.0,0.25,0.0
2026-01-09,0.3333333333333333,0.0,0.3333333333333333,0.0,0.3333333333333333,0.0
2026-01-12,0.25,0.25,0.25,0.0,0.25,0.0
2026-01-13,0.3333333333333333,0.3333333333333333,0.0,0.0,0.3333333333333333,0.0
2026-01-14,0.25,0.25,0.0,0.25,0.25,0.0
2026-01-15,0.3333333333333333,0.3333333333333333,0.0,0.0,0.3333333333333333,0.0
2026-01-16,0.3333333333333333,0.3333333333333333,0.0,0.0,0.3333333333333333,0.0
2026-01-20,0.25,0.25,0.0,0.0,0.25,0.25
2026-01-21,0.3333333333333333,0.3333333333333333,0.0,0.0,0.3333333333333333,0.0
2026-01-22,0.5,0.5,0.0,0.0,0.0,0.0
2026-01-23,0.3333333333333333,0.3333333333333333,0.3333333333333333,0.0,0.0,0.0
2026-01-26,0.3333333333333333,0.0,0.3333333333333333,0.0,0.3333333333333333,0.0
2026-01-27,0.5,0.0,0.0,0.0,0.5,0.0
2026-01-28,0.5,0.0,0.0,0.0,0.5,0.0
2026-01-29,0.3333333333333333,0.3333333333333333,0.0,0.0,0.3333333333333333,0.0
2026-01-30,0.0,0.3333333333333333,0.0,0.3333333333333333,0.3333333333333333,0.0
2026-02-02,0.25,0.25,0.0,0.0,0.25,0.25
2026-02-03,0.25,0.25,0.0,0.0,0.25,0.25
2026-02-04,0.2,0.2,0.2,0.0,0.2,0.2
2026-02-05,0.25,0.0,0.25,0.0,0.25,0.25
2026-02-06,0.0,0.3333333333333333,0.3333333333333333,0.3333333333333333,0.0,0.0
2026-02-09,0.0,0.3333333333333333,0.3333333333333333,0.3333333333333333,0.0,0.0
2026-02-10,0.0,0.5,0.0,0.5,0.0,0.0
2026-02-11,0.0,0.5,0.0,0.5,0.0,0.0
2026-02-12,0.0,0.3333333333333333,0.0,0.3333333333333333,0.3333333333333333,0.0
2026-02-13,0.0,0.3333333333333333,0.0,0.3333333333333333,0.3333333333333333,0.0
2026-02-17,0.0,0.3333333333333333,0.0,0.3333333333333333,0.3333333333333333,0.0
2026-02-18,0.0,0.3333333333333333,0.0,0.3333333333333333,0.3333333333333333,0.0
2026-02-19,0.25,0.25,0.0,0.25,0.25,0.0
2026-02-20,0.25,0.25,0.0,0.25,0.25,0.0
2026-02-23,0.25,0.25,0.0,0.25,0.25,0.0
2026-02-24,0.25,0.25,0.0,0.25,0.25,0.0
2026-02-25,0.0,0.5,0.0,0.5,0.0,0.0
2026-02-26,0.3333333333333333,0.0,0.0,0.3333333333333333,0.3333333333333333,0.0
2026-02-27,0.25,0.25,0.0,0.25,0.25,0.0
2026-03-02,0.25,0.25,0.0,0.25,0.25,0.0
2026-03-03,0.3333333333333333,0.0,0.0,0.3333333333333333,0.3333333333333333,0.0
2026-03-04,0.25,0.25,0.0,0.25,0.25,0.0
2026-03-05,0.25,0.25,0.0,0.25,0.25,0.0
2026-03-06,0.3333333333333333,0.0,0.0,0.3333333333333333,0.3333333333333333,0.0
2026-03-09,0.3333333333333333,0.0,0.0,0.3333333333333333,0.3333333333333333,0.0
2026-03-10,0.3333333333333333,0.0,0.0,0.3333333333333333,0.3333333333333333,0.0
2026-03-11,0.7911730587961733,0.023270061143184445,0.0,0.11397617844483104,0.07158070161581126,0.0
2026-03-12,0.3333333333333333,0.0,0.0,0.3333333333333333,0.3333333333333333,0.0
2026-03-13,0.3333333333333333,0.0,0.0,0.3333333333333333,0.3333333333333333,0.0
