Date,AAPL,MSFT,AMZN,GOOGL,TSLA,NVDA
2021-03-03,118.998,220.478,150.25,100.208,217.733,12.7719
2021-03-04,117.121,219.666,148.878,101.328,207.147,12.3384
2021-03-05,118.367,224.386,150.023,104.475,199.317,12.4294
2021-03-08,113.437,220.312,147.598,100.012,187.667,11.5638
2021-03-09,118.045,226.486,153.142,101.65,224.527,12.4924
2021-03-10,116.983,225.176,152.882,101.442,222.687,12.4404
2021-03-11,118.901,229.738,155.68,104.648,233.2,12.9657
2021-03-12,117.985,228.41,154.474,102.129,231.243,12.8278
2021-03-15,120.872,227.492,154.084,102.351,235.98,13.1623
2021-03-16,122.425,230.305,154.593,103.818,225.627,13.2622
2021-03-17,121.629,229.649,156.786,103.735,233.937,13.3121
2021-03-18,117.504,223.535,151.4,100.702,217.72,12.6941
2021-03-19,116.983,223.174,153.748,100.982,218.29,12.8178
2021-03-22,120.292,228.642,155.544,101.169,223.333,13.1573
2021-03-23,119.457,230.176,156.875,101.697,220.72,13.0425
2021-03-24,117.082,228.126,154.354,101.258,210.09,12.6152
2021-03-25,117.562,225.096,152.313,101.255,213.463,12.5074
2021-03-26,118.162,229.112,152.602,100.87,206.237,12.8108
2021-03-29,118.337,227.911,153.786,101.921,203.763,12.9198
2021-03-30,116.904,224.63,152.764,101.955,211.873,12.8438
2021-03-31,119.085,228.43,154.704,102.753,222.643,13.3191
2021-04-01,119.909,234.797,158.05,106.104,220.583,13.7827
2021-04-05,122.748,241.322,161.336,110.547,230.35,13.958
2021-04-06,123.053,240.139,161.191,110.064,230.54,13.8325
2021-04-07,124.682,242.114,163.969,111.548,223.657,14.1138
2021-04-08,127.091,245.366,164.965,112.115,227.933,14.2856
2021-04-09,129.663,247.876,168.61,113.124,225.673,14.3685
2021-04-12,127.944,247.935,168.969,111.825,233.993,15.1754
2021-04-13,131.046,250.436,170.0,112.314,254.107,15.6436
2021-04-14,128.719,247.632,166.65,111.69,244.077,15.2422
2021-04-15,131.115,251.423,168.954,113.85,246.283,16.101
2021-04-16,130.791,252.621,169.972,113.726,246.593,15.8763
2021-04-19,131.451,250.679,168.6,114.074,238.21,15.3271
2021-04-20,129.77,250.221,166.734,113.538,239.663,15.1375
2021-04-21,130.154,252.468,168.101,113.505,248.04,15.3251
2021-04-22,128.63,249.155,165.452,112.219,239.897,14.817
2021-04-23,130.94,253.013,167.044,114.581,243.133,15.2313
2021-04-26,131.333,253.395,170.45,115.079,246.067,15.4428
2021-04-27,131.007,253.805,170.872,114.135,234.913,15.3471
2021-04-28,130.231,246.626,172.925,117.526,231.467,15.2422
2021-04-29,130.134,244.643,173.566,119.206,225.667,15.2902
2021-04-30,128.161,244.322,173.371,117.25,236.48,14.9767
2021-05-03,129.22,244.007,169.324,116.731,228.3,14.804
2021-05-04,124.633,240.071,165.594,114.925,224.533,14.3195
2021-05-05,124.88,238.784,163.527,115.32,223.647,14.4263
2021-05-06,126.488,241.948,165.318,116.445,221.18,14.4913
2021-05-07,127.157,244.593,164.58,117.171,224.123,14.779
2021-05-10,123.877,239.476,159.524,114.174,209.68,14.2347
2021-05-11,122.963,238.547,161.195,113.093,205.733,14.2746
2021-05-12,119.89,231.556,157.597,109.614,196.63,13.7287
2021-05-13,122.04,235.464,158.074,111.049,190.563,13.6357
2021-05-14,124.455,240.423,161.145,113.507,196.58,14.2118
2021-05-17,123.317,237.543,163.52,114.033,192.277,14.1358
2021-05-18,121.923,235.511,161.614,112.715,192.623,13.986
2021-05-19,121.767,236.096,161.59,113.165,187.82,14.0358
2021-05-20,124.32,239.35,162.384,114.931,195.593,14.5803
2021-05-21,122.493,238.078,160.154,114.292,193.627,14.9589
2021-05-24,124.125,243.52,162.249,117.626,202.147,15.5768
2021-05-25,123.927,244.437,162.953,117.717,201.563,15.6127
2021-05-26,123.877,244.214,163.258,118.586,206.377,15.6646
2021-05-27,122.346,242.105,161.506,117.708,210.283,15.4528
2021-05-28,121.688,242.455,161.154,117.416,208.407,16.2079
2021-06-01,121.364,240.248,160.932,118.629,207.967,16.2288
2021-06-02,122.13,240.149,161.7,118.102,201.707,16.741
2021-06-03,120.647,238.596,159.35,116.955,190.947,16.9327
2021-06-04,122.943,243.529,160.311,119.247,199.683,17.54
2021-06-07,122.953,246.481,159.901,119.681,201.71,17.581
2021-06-08,123.768,245.268,163.206,119.489,201.197,17.419
2021-06-09,124.153,246.264,164.058,119.963,199.593,17.3242
2021-06-10,123.162,249.801,167.483,121.316,203.373,17.391
2021-06-11,124.36,250.436,167.342,121.071,203.297,17.7904
2021-06-14,127.413,252.38,169.194,122.004,205.897,17.9842
2021-06-15,126.608,250.894,169.156,120.981,199.787,17.7535
2021-06-16,127.099,249.936,170.762,120.336,201.623,17.7754
2021-06-17,128.699,253.346,174.462,121.304,205.533,18.6213
2021-06-18,127.394,251.931,174.345,119.677,207.77,18.6033
2021-06-21,129.201,255.034,172.698,121.372,206.943,18.3915
2021-06-22,130.841,257.829,175.272,121.888,207.903,18.8508
2021-06-23,130.566,257.604,175.191,121.686,218.857,19.0205
2021-06-24,130.291,258.97,172.454,122.058,226.607,19.1693
2021-06-25,129.996,257.36,170.073,122.066,223.957,18.9946
2021-06-28,131.616,260.955,172.194,122.094,229.573,19.9463
2021-06-29,133.14,263.553,172.407,121.83,226.92,19.9883
2021-06-30,133.756,263.064,172.008,121.649,226.567,19.9633
2021-07-01,134.054,263.739,171.648,122.002,225.973,20.1728
2021-07-02,136.684,269.62,175.549,124.805,226.3,20.4465
2021-07-06,138.69,269.63,183.787,125.734,219.86,20.6562
2021-07-07,141.182,271.835,184.829,126.018,214.883,20.3326
2021-07-08,139.885,269.392,186.57,124.592,217.603,19.8644
2021-07-09,141.715,269.902,185.967,125.065,218.983,20.0112
2021-07-12,141.113,269.294,185.928,126.517,228.567,20.4714
2021-07-13,142.233,272.852,183.868,126.882,222.847,20.2108
2021-07-14,145.652,274.345,184.084,127.774,217.793,19.8044
2021-07-15,144.992,272.901,181.56,126.546,216.867,18.9297
2021-07-16,142.961,272.626,178.682,126.511,214.74,18.1259
2021-07-19,139.111,269.003,177.48,124.128,215.407,18.7441
2021-07-20,142.724,271.249,178.66,125.754,220.167,18.5763
2021-07-21,141.996,273.261,179.26,127.088,218.43,19.373
2021-07-22,143.364,277.861,181.902,127.957,216.42,19.557
2021-07-23,145.072,281.291,182.832,132.535,214.46,19.521
2021-07-26,145.495,280.694,184.991,133.551,219.207,19.2573
2021-07-27,143.334,278.252,181.32,131.423,214.927,19.1713
2021-07-28,141.588,277.941,181.516,135.603,215.66,19.466
2021-07-29,142.233,278.213,179.996,135.287,225.783,19.6248
2021-07-30,142.442,276.668,166.38,134.241,229.067,19.462
2021-08-02,142.116,276.582,166.574,134.366,236.557,19.7126
2021-08-03,143.905,278.818,168.312,135.14,236.58,19.7775
2021-08-04,143.509,278.223,167.736,134.638,236.973,20.2348
2021-08-05,143.619,281.143,168.8,135.76,238.21,20.5952
2021-08-06,142.931,281.083,167.247,135.247,233.033,20.3266
2021-08-09,142.881,279.991,167.094,136.419,237.92,20.2557
2021-08-10,142.413,278.154,166.034,136.313,236.663,19.8974
2021-08-11,142.656,278.652,164.606,135.787,235.94,19.6618
2021-08-12,145.613,281.427,165.175,136.698,240.75,19.8664
2021-08-13,145.817,284.385,164.698,137.231,239.057,20.1488
2021-08-16,147.802,286.076,164.95,137.81,228.723,19.9113
2021-08-17,146.891,284.612,162.098,136.168,221.903,19.421
2021-08-18,143.148,282.863,160.061,134.96,229.663,19.0035
2021-08-19,143.479,288.743,159.388,135.189,224.49,19.7605
2021-08-20,144.925,296.116,159.998,136.933,226.753,20.774
2021-08-23,146.417,296.4,163.294,139.535,235.433,21.9144
2021-08-24,146.33,294.438,165.289,140.752,236.163,21.7494
2021-08-25,145.091,293.841,164.959,141.566,237.067,22.169
2021-08-26,144.286,290.988,165.8,140.929,233.72,22.0242
2021-08-27,145.329,291.604,167.482,143.484,237.307,22.5912
2021-08-30,149.766,295.376,171.079,144.068,243.637,22.6432
2021-08-31,148.499,293.714,173.54,144.175,245.24,22.3449
2021-09-01,149.166,293.666,173.95,144.692,244.697,22.4007
2021-09-02,150.278,293.002,173.156,142.769,244.13,22.3559
2021-09-03,150.907,292.993,173.902,143.221,244.523,22.8018
2021-09-07,153.245,292.053,175.464,143.76,250.973,22.6212
2021-09-08,151.693,292.082,176.275,143.172,251.29,22.2989
2021-09-09,150.68,289.212,174.208,143.022,251.62,22.137
2021-09-10,145.691,287.708,173.458,140.368,245.423,22.4377
2021-09-13,146.26,288.958,172.858,141.818,247.667,22.112
2021-09-14,144.855,291.674,172.5,142.029,248.163,22.2019
2021-09-15,145.748,296.565,173.79,143.908,251.943,22.3009
2021-09-16,145.513,296.958,174.412,143.091,252.33,22.2019
2021-09-17,142.852,291.75,173.126,140.292,253.163,21.8604
2021-09-20,139.797,286.332,167.786,138.218,243.39,21.0744
2021-09-21,140.281,286.82,167.182,138.531,246.46,21.2074
2021-09-22,142.646,290.501,169.002,139.777,250.647,21.9014
2021-09-23,143.609,291.448,170.8,140.706,251.213,22.4416
2021-09-24,143.698,291.243,171.276,141.702,258.13,22.0412
2021-09-27,142.184,286.203,170.29,140.562,263.787,21.6208
2021-09-28,138.785,275.85,165.798,135.339,259.187,20.6612
2021-09-29,139.689,276.319,165.056,133.869,260.437,20.4804
2021-09-30,138.384,274.296,164.252,133.193,258.493,20.6781
2021-10-01,139.515,281.271,164.163,136.049,258.407,20.7041
2021-10-04,136.085,275.451,159.489,133.177,260.51,19.6977
2021-10-05,138.0,280.951,161.05,135.532,260.197,20.4145
2021-10-06,138.874,285.178,163.1,137.068,260.917,20.6622
2021-10-07,140.143,286.869,165.122,138.722,264.537,21.0366
2021-10-08,139.759,286.869,164.431,139.281,261.83,20.793
2021-10-11,139.669,286.263,162.315,138.412,263.98,20.6572
2021-10-12,138.394,284.962,162.366,135.956,268.573,20.6332
2021-10-13,137.805,288.292,164.214,137.085,270.36,20.9008
2021-10-14,140.602,294.564,164.993,140.641,272.773,21.7065
2021-10-15,141.666,295.97,170.451,140.858,281.01,21.8224
2021-10-18,143.334,298.981,172.337,142.262,290.037,22.1819
2021-10-19,145.485,299.897,172.208,142.719,288.09,22.2499
2021-10-20,145.976,299.095,170.753,141.256,288.6,22.0632
2021-10-21,146.192,302.35,171.751,141.373,298.0,22.6512
2021-10-22,145.417,300.795,166.778,137.069,303.227,22.6851
2021-10-25,145.367,299.799,166.018,136.95,341.62,23.1245
2021-10-26,146.036,301.714,168.804,138.805,339.477,24.6732
2021-10-27,145.573,314.422,169.624,145.689,345.953,24.4077
2021-10-28,149.225,315.574,172.329,145.322,359.013,24.8968
2021-10-29,146.505,322.644,168.622,147.511,371.333,25.522
2021-11-01,145.682,320.458,165.906,142.978,402.863,25.7814
2021-11-02,146.723,324.11,165.638,144.906,390.667,26.3547
2021-11-03,148.168,324.961,169.2,146.069,404.62,26.5505
2021-11-04,147.644,327.343,173.85,147.732,409.97,29.7477
2021-11-05,148.177,326.972,175.95,148.314,407.363,29.6989
2021-11-08,147.35,327.871,174.449,148.493,387.647,30.7493
2021-11-09,147.713,326.865,178.812,148.38,341.167,30.6024
2021-11-10,144.875,321.854,174.103,145.367,355.983,29.4063
2021-11-11,144.825,323.439,173.625,145.24,354.503,30.3357
2021-11-12,146.91,327.617,176.258,148.141,344.473,30.3357
2021-11-15,146.919,326.982,177.284,147.915,337.797,29.9712
2021-11-16,147.902,330.322,177.035,147.341,351.577,30.1489
2021-11-17,150.337,330.548,177.45,147.512,363.003,29.2083
2021-11-18,154.629,332.646,184.803,149.297,365.46,31.6187
2021-11-19,157.251,334.433,183.829,148.388,379.02,32.9259
2021-11-22,157.712,331.24,178.628,145.773,385.623,31.8994
2021-11-23,158.086,329.141,179.002,145.256,369.677,31.6897
2021-11-24,158.607,329.366,179.02,145.592,372.0,32.6153
2021-11-26,153.586,321.347,175.228,141.67,360.64,31.4468
2021-11-29,156.957,328.124,178.079,145.005,378.997,33.3163
2021-11-30,161.905,322.235,175.354,141.384,381.587,32.6173
2021-12-01,161.386,321.736,172.186,140.542,365.0,31.3832
2021-12-02,160.394,321.161,171.868,142.45,361.533,32.0733
2021-12-03,158.509,314.841,169.49,141.489,338.323,30.6424
2021-12-06,161.925,317.948,171.368,142.639,336.337,29.9872
2021-12-07,167.662,326.454,176.164,146.738,350.583,32.3726
2021-12-08,171.482,326.503,176.158,147.651,356.32,31.7736
2021-12-09,170.972,324.678,174.171,147.105,334.6,30.4395
2021-12-10,175.764,333.878,172.212,147.467,339.01,30.1479
2021-12-13,172.131,330.821,169.568,145.299,322.137,28.114
2021-12-14,170.745,320.038,169.092,143.388,319.503,28.29
2021-12-15,175.615,326.191,173.315,145.912,325.33,30.4087
2021-12-16,168.724,316.688,168.871,143.923,308.973,28.3398
2021-12-17,167.623,315.613,170.017,141.213,310.857,27.7545
2021-12-20,166.257,311.822,167.079,141.096,299.98,27.6726
2021-12-21,169.442,319.011,170.417,142.954,312.843,29.0267
2021-12-22,172.032,324.774,171.037,145.886,336.29,29.3513
2021-12-23,172.66,326.231,171.068,146.386,355.667,29.5909
2021-12-27,176.63,333.79,169.67,147.371,364.647,30.894
2021-12-28,175.606,332.626,170.661,146.157,362.823,30.2718
2021-12-29,175.694,333.302,169.201,146.126,362.063,29.9512
2021-12-30,174.537,330.743,168.644,145.671,356.78,29.5369
2021-12-31,173.918,327.822,166.717,144.329,352.26,29.3623
2022-01-03,178.268,326.288,170.404,144.468,399.927,30.0711
2022-01-04,176.011,320.692,167.522,143.878,383.197,29.2413
2022-01-05,171.326,308.386,164.357,137.278,362.707,27.5577
2022-01-06,168.467,305.942,163.254,137.251,354.9,28.131
2022-01-07,168.635,306.1,162.554,136.523,342.32,27.2014
2022-01-10,168.655,306.324,161.486,138.169,352.707,27.3543
2022-01-11,171.482,307.018,165.362,139.231,354.8,27.7705
2022-01-12,171.923,310.221,165.207,140.919,368.74,27.9522
2022-01-13,168.655,297.093,161.214,138.087,343.853,26.5305
2022-01-14,169.521,302.36,162.138,138.976,349.87,26.8967
2022-01-18,166.306,295.004,158.918,135.507,343.503,25.8604
2022-01-19,162.819,295.657,156.299,134.628,331.883,25.0256
2022-01-20,161.13,293.979,151.668,132.827,332.09,24.1099
2022-01-21,159.067,288.547,142.643,129.881,314.633,23.3352
2022-01-24,158.29,288.88,144.544,130.332,310.0,23.3332
2022-01-25,156.503,281.193,139.986,126.476,306.133,22.2869
2022-01-26,156.415,289.212,138.872,128.766,312.47,22.7339
2022-01-27,155.955,292.26,139.638,128.539,276.367,21.9074
2022-01-28,166.825,300.464,143.978,132.869,282.117,22.8018
2022-01-31,171.187,303.12,149.574,134.815,312.24,24.4455
2022-02-01,171.02,300.952,151.194,137.147,310.417,24.5973
2022-02-02,172.229,305.532,150.612,147.465,301.887,25.2003
2022-02-03,169.352,293.636,138.846,142.574,297.047,23.9083
2022-02-04,169.064,298.207,157.64,142.775,307.773,24.2789
2022-02-07,168.348,293.342,157.936,138.698,302.447,24.6872
2022-02-08,171.453,296.861,161.414,138.895,307.333,25.0665
2022-02-09,172.877,303.346,161.19,141.081,310.667,26.6603
2022-02-10,168.802,294.74,159.004,138.12,301.517,25.7814
2022-02-11,165.382,287.58,153.294,133.797,286.667,23.9093
2022-02-14,165.618,287.54,155.167,135.037,291.92,24.2269
2022-02-15,169.461,292.873,156.51,136.114,307.477,26.4505
2022-02-16,169.223,292.532,158.1,137.241,307.797,26.4665
2022-02-17,165.618,283.967,154.652,132.061,292.117,24.4664
2022-02-18,164.067,281.232,152.602,129.932,285.66,23.603
2022-02-22,161.15,281.023,150.198,129.345,273.843,23.3512
2022-02-23,156.987,273.751,144.827,127.127,254.68,22.3499
2022-02-24,159.599,287.736,151.358,132.211,266.923,23.7086
2022-02-25,161.671,290.394,153.788,133.974,269.957,24.1169
2022-02-28,161.935,291.84,153.563,134.569,290.143,24.3448
2022-03-01,160.049,288.088,151.142,133.578,288.123,23.438
2022-03-02,163.349,293.205,152.052,134.086,293.297,24.1839
2022-03-03,163.025,289.035,147.898,133.416,279.763,23.6787
2022-03-04,160.02,283.116,145.641,131.429,279.43,22.9017
2022-03-07,156.23,272.423,137.453,125.922,268.193,21.3201
2022-03-08,154.402,269.432,136.014,126.645,274.8,21.4819
2022-03-09,159.803,281.789,139.279,132.938,286.323,22.9796
2022-03-10,155.461,278.946,146.818,131.952,279.433,22.6242
2022-03-11,151.742,273.553,145.524,129.401,265.117,22.0671
2022-03-14,147.713,270.01,141.853,125.496,255.457,21.2982
2022-03-15,152.094,280.47,147.366,128.731,267.297,22.9386
2022-03-16,156.513,287.54,153.104,132.8,280.077,24.4594
2022-03-17,157.516,288.352,157.239,133.356,290.533,24.7291
2022-03-18,160.816,293.441,161.251,135.635,301.797,26.4135
2022-03-21,162.192,292.2,161.492,135.611,307.053,26.6942
2022-03-22,165.559,296.986,164.889,139.363,331.327,26.4845
2022-03-23,166.925,292.522,163.408,137.776,333.037,25.5957
2022-03-24,170.707,297.025,163.65,141.061,337.973,28.1081
2022-03-25,171.345,296.613,164.773,141.161,336.88,27.6506
2022-03-28,172.21,303.472,168.99,140.945,363.947,28.177
2022-03-29,175.507,308.073,169.315,141.991,366.523,28.6133
2022-03-30,174.34,306.559,166.301,141.425,364.663,27.6486
2022-03-31,171.236,301.136,162.998,138.566,359.2,27.2454
2022-04-01,170.942,302.222,163.56,139.644,361.53,26.6723
2022-04-04,174.997,307.642,168.346,142.456,381.817,27.3193
2022-04-05,171.68,303.647,164.055,140.083,363.753,25.8924
2022-04-06,168.517,292.532,158.756,136.054,348.587,24.3708
2022-04-07,168.82,294.359,157.784,135.397,352.42,24.1719
2022-04-08,166.806,290.061,154.46,132.807,341.83,23.0845
2022-04-11,162.552,278.623,151.122,128.358,325.31,21.8844
2022-04-12,164.421,275.499,150.788,127.253,328.983,21.472
2022-04-13,167.111,280.931,155.541,129.425,340.79,22.17
2022-04-14,162.102,273.321,151.706,126.272,328.333,21.2264
2022-04-18,161.885,273.993,152.785,127.215,334.763,21.7504
2022-04-19,164.167,278.662,158.116,129.54,342.717,22.165
2022-04-20,163.997,279.699,153.998,127.578,325.733,21.45
2022-04-21,163.213,274.276,148.296,124.363,336.26,20.1528
2022-04-22,158.664,267.654,144.35,119.204,335.017,19.486
2022-04-25,159.736,274.191,146.074,122.629,332.673,19.8724
2022-04-26,153.773,263.933,139.391,118.222,292.14,18.7601
2022-04-27,153.546,276.631,138.167,113.881,293.837,18.3875
2022-04-28,160.483,282.893,144.596,118.094,292.503,19.7525
2022-04-29,154.609,271.065,124.282,113.698,290.253,18.5195
2022-05-02,154.913,277.852,124.5,116.162,300.98,19.504
2022-05-03,156.405,275.225,124.254,116.91,303.083,19.573
2022-05-04,162.819,283.234,125.929,121.819,317.54,20.3036
2022-05-05,153.744,270.899,116.407,116.085,291.093,18.8159
2022-05-06,154.472,268.338,114.772,115.328,288.55,18.6473
2022-05-09,149.344,258.425,108.789,112.105,262.37,16.9247
2022-05-10,151.752,263.23,108.859,113.982,266.68,17.569
2022-05-11,143.887,254.489,105.372,113.192,244.667,16.6052
2022-05-12,140.014,249.41,106.931,112.437,242.667,16.151
2022-05-13,144.484,255.043,113.055,115.631,256.53,17.6796
2022-05-16,142.941,255.416,110.81,114.032,241.457,17.2384
2022-05-17,146.573,260.611,115.368,116.052,253.87,18.1498
2022-05-18,138.304,248.746,107.112,111.495,236.603,16.9127
2022-05-19,134.897,247.826,107.319,109.985,236.473,17.0984
2022-05-20,135.132,247.258,107.591,108.515,221.3,16.6691
2022-05-23,140.552,255.179,107.557,111.085,224.967,16.8728
2022-05-24,137.855,254.171,104.1,105.588,209.387,16.13
2022-05-25,138.01,257.011,106.775,105.423,219.6,16.9496
2022-05-26,141.211,260.32,111.078,107.402,235.91,17.8244
2022-05-27,146.969,267.506,115.146,111.91,253.21,18.783
2022-05-31,146.182,266.163,120.21,113.351,252.753,18.6443
2022-06-01,146.056,266.702,121.684,113.48,246.79,18.2926
2022-06-02,148.508,268.815,125.511,117.197,258.333,19.563
2022-06-03,142.783,264.352,122.35,114.127,234.517,18.6921
2022-06-06,143.529,263.11,124.79,116.398,238.28,18.7581
2022-06-07,146.056,266.781,123.0,116.726,238.887,18.8977
2022-06-08,145.319,264.736,121.18,116.771,241.867,18.6242
2022-06-09,140.093,259.233,116.15,114.421,239.707,18.0249
2022-06-10,134.68,247.681,109.65,110.761,232.23,16.9522
2022-06-13,129.525,237.176,103.67,106.008,215.737,15.627
2022-06-14,130.389,239.359,102.31,106.33,220.89,15.8158
2022-06-15,133.01,246.477,107.67,109.368,233.0,16.5058
2022-06-16,127.738,239.829,103.66,105.651,213.1,15.5811
2022-06-17,129.211,242.452,106.22,106.756,216.76,15.8597
2022-06-21,133.445,248.414,108.68,111.141,237.037,16.5448
2022-06-22,132.931,247.816,108.95,111.085,236.087,16.3391
2022-06-23,135.801,253.427,112.44,111.836,235.07,16.2043
2022-06-24,139.13,262.08,116.46,117.549,245.707,17.104
2022-06-27,139.13,259.33,113.22,115.416,244.92,16.8474
2022-06-28,134.986,251.097,107.4,111.604,232.663,15.9616
2022-06-29,136.743,254.797,108.92,111.298,228.49,15.5221
2022-06-30,134.279,251.44,106.21,108.57,224.473,15.1397
2022-07-01,136.449,254.131,109.56,108.345,227.263,14.5044
2022-07-05,139.031,257.333,113.5,112.854,233.067,14.9451
2022-07-06,140.368,260.621,114.33,114.158,231.733,15.1107
2022-07-07,143.738,262.765,116.33,118.354,244.543,15.8377
2022-07-08,144.415,262.042,115.54,118.923,250.763,15.8178
2022-07-11,142.283,258.957,111.75,115.258,234.343,15.1327
2022-07-12,143.254,248.345,109.22,113.608,233.07,15.0627
2022-07-13,142.891,247.416,110.4,110.952,237.04,15.1447
2022-07-14,145.817,248.746,110.63,109.968,238.313,15.3523
2022-07-15,147.489,251.332,113.55,111.374,240.067,15.7419
2022-07-18,144.444,248.913,113.76,108.636,240.547,16.0804
2022-07-19,148.303,254.081,118.21,113.399,245.53,16.9702
2022-07-20,150.307,256.765,122.77,113.488,247.5,17.7842
2022-07-21,152.576,259.283,124.63,113.927,271.707,18.0269
2022-07-22,151.337,254.896,122.42,107.51,272.243,17.297
2022-07-25,150.219,253.398,121.14,107.122,268.433,17.002
2022-07-26,148.894,246.613,114.81,104.641,258.86,16.5118
2022-07-27,153.992,263.1,120.97,112.651,274.82,17.7673
2022-07-28,154.54,270.61,122.28,113.808,280.9,17.961
2022-07-29,159.609,274.848,134.95,115.9,297.15,18.1397
2022-08-01,158.626,272.173,135.39,114.445,297.277,18.4174
2022-08-02,157.152,269.052,134.16,114.715,300.587,18.5024
2022-08-03,163.165,276.542,139.52,117.654,307.397,18.8688
2022-08-04,162.849,277.696,142.57,117.764,308.633,19.1904
2022-08-05,162.622,276.974,140.8,117.046,288.17,18.9646
2022-08-08,162.151,274.436,139.41,116.877,290.423,17.7703
2022-08-09,162.201,276.375,137.83,116.209,283.333,17.064
2022-08-10,166.449,283.091,142.69,119.268,294.357,18.0739
2022-08-11,165.712,280.995,140.64,118.411,286.63,17.9191
2022-08-12,169.262,285.784,143.55,121.241,300.03,18.6851
2022-08-15,170.333,287.31,143.18,121.639,309.32,19.0075
2022-08-16,170.177,286.565,144.78,121.26,306.563,18.8548
2022-08-17,171.672,285.811,142.1,119.118,303.997,18.3115
2022-08-18,171.278,284.684,142.3,119.736,302.87,18.7491
2022-08-19,168.692,280.739,138.23,116.787,296.667,17.8262
2022-08-22,164.805,272.498,133.22,113.828,289.913,17.012
2022-08-23,164.472,271.211,133.62,113.448,296.453,17.159
2022-08-24,164.766,270.575,133.8,113.28,297.097,17.2
2022-08-25,167.226,273.576,137.28,116.229,296.07,17.8901
2022-08-26,160.921,263.021,130.75,109.942,288.09,16.2392
2022-08-29,158.718,260.215,129.79,109.025,284.82,15.7808
2022-08-30,156.289,257.997,128.73,108.547,277.7,15.4481
2022-08-31,154.627,256.527,126.77,107.829,275.61,15.0747
2022-09-01,155.355,255.476,127.82,109.344,277.16,13.9192
2022-09-02,153.241,251.216,127.51,107.46,270.21,13.6296
2022-09-06,151.98,248.461,126.11,106.425,274.42,13.4478
2022-09-07,153.388,253.21,129.48,109.055,283.7,13.7007
2022-09-08,151.912,253.63,129.82,107.989,289.26,13.9762
2022-09-09,154.774,259.458,133.27,110.251,299.68,14.3728
2022-09-12,160.734,261.608,136.45,110.459,304.42,14.4907
2022-09-13,151.301,247.224,126.82,103.943,292.13,13.118
2022-09-14,152.747,247.451,128.55,104.621,302.61,13.115
2022-09-15,149.857,240.739,126.28,102.538,303.75,12.9163
2022-09-16,148.214,240.11,123.53,102.429,303.35,13.185
2022-09-19,151.932,239.896,124.66,102.698,309.07,13.3689
2022-09-20,154.31,237.866,122.19,100.775,308.73,13.163
2022-09-21,151.184,234.433,118.54,98.9214,300.8,13.2479
2022-09-22,150.221,236.424,117.31,99.778,288.59,12.5487
2022-09-23,147.95,233.42,113.78,98.3833,275.33,12.5037
2022-09-26,148.283,232.96,115.15,97.8155,276.01,12.216
2022-09-27,149.256,231.94,114.41,97.1478,282.94,12.4007
2022-09-28,147.368,236.511,118.01,99.6887,287.81,12.7235
2022-09-29,140.131,233.01,114.8,97.0681,268.21,12.208
2022-09-30,135.92,228.496,113.0,95.3045,265.25,12.127
2022-10-03,140.101,236.186,115.88,98.2837,242.4,12.4997
2022-10-04,143.691,244.174,121.09,101.272,249.44,13.154
2022-10-05,143.984,244.486,120.95,101.064,240.81,13.196
2022-10-06,143.033,242.123,120.3,101.054,238.13,13.117
2022-10-07,137.78,229.811,114.56,98.3236,223.07,12.0641
2022-10-10,138.103,224.916,113.67,97.5066,222.96,11.6585
2022-10-11,136.686,221.148,112.21,96.829,216.5,11.5745
2022-10-12,136.058,221.482,112.9,97.2077,217.24,11.4888
2022-10-13,140.631,229.811,112.53,98.7022,221.72,11.9482
2022-10-14,136.097,224.238,106.9,96.2112,204.99,11.2159
2022-10-17,140.061,233.038,113.79,99.6089,219.35,11.8764
2022-10-18,141.378,233.991,116.36,100.406,220.19,11.9552
2022-10-19,141.488,232.009,115.07,99.2701,222.04,12.0392
2022-10-20,141.026,231.685,115.25,99.6089,207.28,12.182
2022-10-21,144.84,237.542,119.32,100.765,214.44,12.4537
2022-10-24,146.986,242.575,119.82,102.149,211.25,12.5867
2022-10-25,149.827,245.921,120.6,104.103,222.415,13.2479
2022-10-26,146.888,226.946,115.66,94.5871,224.64,12.8833
2022-10-27,142.414,222.462,110.96,91.8869,225.09,13.163
2022-10-28,153.173,231.409,103.41,95.9421,228.52,13.8206
2022-10-31,150.811,227.74,102.44,94.1687,227.54,13.4837
2022-11-01,148.167,223.857,96.79,90.1432,227.82,13.5297
2022-11-02,142.638,215.936,92.12,86.6559,214.98,13.206
2022-11-03,136.59,210.197,89.3,83.1287,215.31,13.4079
2022-11-04,136.324,217.204,90.98,86.2672,207.47,14.142
2022-11-07,136.855,223.561,90.53,88.1705,197.08,14.2868
2022-11-08,137.425,224.541,89.98,88.5789,191.3,14.5877
2022-11-09,132.864,220.264,86.14,87.0046,177.59,13.7627
2022-11-10,144.688,238.385,96.63,93.6007,190.72,15.7346
2022-11-11,147.475,242.437,100.79,96.0618,195.97,16.311
2022-11-14,146.077,236.981,98.49,95.3543,190.95,16.279
2022-11-15,147.81,237.395,98.94,98.0844,194.42,16.6496
2022-11-16,146.577,237.827,97.12,98.493,186.92,15.8944
2022-11-17,148.479,237.778,94.85,98.0047,183.17,15.6616
2022-11-18,149.042,237.325,94.14,97.078,180.19,15.3938
2022-11-21,145.809,238.141,92.46,95.2547,167.87,15.3019
2022-11-22,147.949,241.075,93.2,96.6994,169.91,16.0222
2022-11-23,148.827,243.581,94.13,98.1044,183.2,16.5027
2022-11-25,145.909,243.494,93.41,97.108,182.86,16.254
2022-11-28,142.076,237.857,93.95,95.7031,182.92,15.8115
2022-11-29,139.071,236.45,92.42,94.8462,180.83,15.6236
2022-11-30,145.829,251.022,96.54,100.625,194.7,16.9106
2022-12-01,146.106,250.577,95.5,100.625,194.7,17.1225
2022-12-02,145.614,250.903,94.13,100.077,194.86,16.8637
2022-12-05,144.451,246.16,91.01,99.1207,182.45,16.5979
2022-12-06,140.787,241.163,88.25,96.6297,179.82,15.9754
2022-12-07,138.844,240.424,88.46,94.5971,174.04,16.1083
2022-12-08,140.529,243.405,90.35,93.3716,173.44,17.1565
2022-12-09,140.047,241.458,89.09,92.4947,179.05,16.9885
2022-12-12,142.344,248.433,90.55,92.9729,167.82,17.5224
2022-12-13,143.307,252.771,92.49,95.2846,160.95,18.0589
2022-12-14,141.081,253.066,91.58,94.7266,156.8,17.6611
2022-12-15,134.47,244.989,88.45,90.5317,157.67,16.9396
2022-12-16,132.512,240.739,87.86,89.9339,150.23,16.5589
2022-12-19,130.403,236.567,84.92,88.1205,149.87,16.2422
2022-12-20,130.334,237.897,85.19,88.6984,137.8,16.0733
2022-12-21,133.439,240.484,86.77,89.2564,137.57,16.489
2022-12-22,130.264,234.345,83.79,87.443,125.35,15.3278
2022-12-23,129.9,234.877,85.25,88.9077,123.15,15.195
2022-12-27,128.098,233.133,83.04,87.0743,109.1,14.1106
2022-12-28,124.167,230.743,81.82,85.7093,112.71,14.0256
2022-12-29,127.683,237.119,84.18,88.1305,121.82,14.5924
2022-12-30,128.0,235.949,84.0,87.9113,123.18,14.6034
2023-01-03,123.212,235.711,85.82,88.798,108.1,14.3045
2023-01-04,124.481,225.402,85.14,87.7618,113.64,14.7383
2023-01-05,123.163,218.721,83.12,85.8887,110.34,14.2545
2023-01-06,127.693,221.297,86.08,87.0246,113.06,14.8483
2023-01-09,128.216,223.452,87.36,87.7021,119.77,15.6166
2023-01-10,128.788,225.154,89.87,88.1006,118.85,15.8975
2023-01-11,131.507,231.964,95.09,91.1895,123.22,15.9893
2023-01-12,131.429,234.658,95.27,90.8008,123.56,16.4989
2023-01-13,132.757,235.367,98.12,91.7873,122.4,16.8867
2023-01-17,133.92,236.47,96.05,90.9603,131.49,17.6891
2023-01-18,133.202,232.004,95.46,90.7908,128.78,17.3644
2023-01-19,133.261,228.185,93.68,92.7138,127.17,16.7528
2023-01-20,135.822,236.341,97.25,97.666,133.42,17.8261
2023-01-23,139.011,238.663,97.52,99.4295,143.75,19.179
2023-01-24,140.41,238.131,96.32,97.3471,143.89,19.251
2023-01-25,139.751,236.724,97.18,94.8761,144.43,19.3089
2023-01-26,141.821,243.994,99.22,97.1677,160.27,19.7877
2023-01-27,143.763,244.153,102.24,99.0111,177.9,20.3501
2023-01-30,140.876,238.793,100.55,96.5899,166.66,19.148
2023-01-31,142.146,243.81,103.13,98.483,173.22,19.5229
2023-02-01,143.267,248.671,105.15,100.067,181.41,20.9278
2023-02-02,148.578,260.329,112.91,107.35,188.27,21.6932
2023-02-03,152.203,254.179,103.39,104.401,189.98,21.0846
2023-02-06,149.476,252.623,102.18,102.528,194.76,21.0736
2023-02-07,152.352,263.24,102.11,107.252,196.81,22.157
2023-02-08,149.662,262.424,100.05,99.0111,201.29,22.1889
2023-02-09,148.628,259.364,98.24,94.6668,207.32,22.3209
2023-02-10,148.994,258.854,97.61,94.2284,196.89,21.2495
2023-02-13,151.796,266.94,99.54,94.2683,194.64,21.7721
2023-02-14,151.153,267.775,99.7,94.3381,209.25,22.9542
2023-02-15,153.256,265.635,101.16,96.5899,214.24,22.7473
2023-02-16,151.657,258.562,98.15,95.165,202.04,21.9861
2023-02-17,150.512,254.53,97.2,94.0092,208.31,21.3724
2023-02-21,146.496,249.213,94.58,91.4585,197.37,20.64
2023-02-22,146.921,248.069,95.79,91.3189,200.86,20.739
2023-02-23,147.404,251.284,95.82,90.5617,202.07,23.647
2023-02-24,144.75,245.81,93.5,88.808,196.88,23.2691
2023-02-27,145.945,246.736,93.76,89.5454,207.63,23.484
2023-02-28,145.441,246.009,94.23,89.7348,205.71,23.1992
2023-03-01,143.369,242.9,92.17,90.0336,202.77,22.6814
2023-03-02,143.96,247.675,92.13,91.6676,190.9,23.2971
2023-03-03,149.014,251.797,94.9,93.3117,197.79,23.8726
2023-03-06,151.777,253.355,93.75,94.7864,193.81,23.537
2023-03-07,149.576,250.672,93.55,93.521,187.71,23.2751
2023-03-08,150.828,250.229,93.92,93.9096,182.0,24.1675
2023-03-09,148.578,248.868,92.25,91.9866,172.92,23.423
2023-03-10,146.516,245.189,90.73,90.3026,173.44,22.9521
2023-03-13,148.459,250.447,92.43,90.781,174.48,22.9531
2023-03-14,150.552,257.221,94.88,93.6306,183.26,24.0495
2023-03-15,150.947,261.808,96.2,95.7628,180.45,24.2145
2023-03-16,153.768,272.422,100.04,99.9574,184.13,25.5268
2023-03-17,152.929,275.605,98.95,101.253,180.13,25.7106
2023-03-20,155.297,268.506,97.71,100.854,183.25,25.8856
2023-03-21,157.152,270.034,100.61,104.541,197.58,26.1844
2023-03-22,155.721,268.565,98.7,102.996,191.15,26.4533
2023-03-23,156.806,273.861,98.71,105.218,192.22,27.1759
2023-03-24,158.11,276.731,98.13,105.059,190.41,26.764
2023-03-27,156.166,272.598,98.04,102.09,191.81,26.5163
2023-03-28,155.544,271.465,97.24,100.665,189.19,26.3953
2023-03-29,158.622,276.671,100.25,101.024,193.88,26.9689
2023-03-30,160.191,280.163,102.0,100.525,195.28,27.3678
2023-03-31,162.698,284.355,103.29,103.356,207.46,27.7615
2023-04-03,163.95,283.299,102.41,103.983,194.77,27.9494
2023-04-04,163.418,283.251,103.95,104.341,192.58,27.4377
2023-04-05,161.571,280.451,101.1,104.093,185.52,26.8659
2023-04-06,162.461,287.61,102.06,108.028,185.06,27.0219
2023-04-10,159.865,285.431,102.17,106.055,184.51,27.5635
2023-04-11,158.652,278.961,99.92,104.97,186.79,27.1539
2023-04-12,157.961,279.611,97.83,104.262,180.54,26.4803
2023-04-13,163.348,285.874,102.4,107.042,185.9,26.4483
2023-04-14,163.003,282.225,102.51,108.477,185.0,26.743
2023-04-17,163.022,284.849,102.74,105.588,187.04,26.9869
2023-04-18,164.247,284.424,102.3,104.123,184.31,27.6515
2023-04-19,165.39,284.504,104.3,103.804,180.59,27.9154
2023-04-20,164.424,282.195,103.81,104.91,162.99,27.0889
2023-04-21,162.815,281.852,106.96,105.029,165.08,27.1039
2023-04-24,163.122,277.915,106.21,105.588,162.55,27.0269
2023-04-25,161.581,271.651,102.57,103.475,160.67,26.2264
2023-04-26,161.571,291.329,104.98,103.336,153.75,26.9409
2023-04-27,166.16,300.659,109.82,107.202,160.19,27.2109
2023-04-28,167.413,303.055,105.45,106.952,164.31,27.7335
2023-05-01,167.325,301.38,102.05,106.813,161.83,28.8938
2023-05-02,166.288,301.232,103.63,104.94,160.31,28.1944
2023-05-03,165.212,300.235,103.65,105.029,160.61,27.7865
2023-05-04,163.576,301.232,104.0,104.311,161.2,27.5465
2023-05-05,171.251,306.399,105.655,105.188,170.06,28.6639
2023-05-08,171.182,304.427,105.83,107.38,171.79,29.1347
2023-05-09,169.477,302.8,106.62,106.962,169.15,28.5551
2023-05-10,171.236,308.037,110.19,111.346,168.54,28.8688
2023-05-11,171.429,305.868,112.18,116.149,172.08,28.5621
2023-05-12,170.501,304.743,110.26,117.085,167.98,28.3243
2023-05-15,170.006,305.226,111.2,116.089,166.35,28.9368
2023-05-16,170.006,307.475,113.4,119.079,166.52,29.1967
2023-05-17,170.619,310.381,115.5,120.403,173.86,30.1611
2023-05-18,172.952,314.848,118.15,122.386,176.89,31.6603
2023-05-19,173.06,314.671,116.25,122.317,180.14,31.2465
2023-05-22,172.111,317.479,115.01,124.598,188.87,31.1586
2023-05-23,169.504,311.626,114.99,122.117,185.77,30.671
2023-05-24,169.778,310.233,116.75,120.463,182.9,30.521
2023-05-25,170.915,322.163,115.0,123.034,184.47,37.959
2023-05-26,173.324,329.053,120.11,124.16,193.17,38.9244
2023-05-30,175.174,327.393,121.66,123.223,201.16,40.0886
2023-05-31,175.124,324.604,120.58,122.426,203.93,37.813
2023-06-01,177.93,328.747,122.77,123.273,207.52,39.7478
2023-06-02,178.78,331.533,124.25,124.22,213.97,39.3051
2023-06-05,177.426,332.067,125.3,125.555,217.61,39.1493
2023-06-06,177.06,329.835,126.61,126.85,221.31,38.6324
2023-06-07,175.687,319.653,121.23,122.058,224.57,37.4579
2023-06-08,178.403,321.511,124.25,121.699,234.86,38.4924
2023-06-09,178.79,323.023,123.43,121.788,244.4,38.7524
2023-06-12,181.586,328.025,126.57,123.193,249.83,39.464
2023-06-13,181.111,330.438,126.66,123.383,258.71,41.0034
2023-06-14,181.743,333.452,126.42,123.223,256.79,42.9775
2023-06-15,183.779,344.088,127.11,124.638,255.9,42.6338
2023-06-16,182.702,338.385,125.49,123.083,260.54,42.6726
2023-06-20,182.791,334.155,125.78,122.655,274.45,43.7881
2023-06-21,181.753,329.716,124.83,120.114,259.46,43.0255
2023-06-22,184.757,335.795,130.15,122.705,264.61,43.0055
2023-06-23,184.441,331.158,129.33,121.898,256.6,42.1898
2023-06-26,183.049,324.813,127.33,117.912,241.05,40.6136
2023-06-27,185.805,330.714,129.18,117.902,250.21,41.8569
2023-06-28,186.98,331.978,129.04,119.746,256.24,41.0984
2023-06-29,187.315,331.188,127.9,118.669,257.5,40.8034
2023-06-30,191.642,336.616,130.36,119.268,261.77,42.2828
2023-07-03,190.151,334.095,130.22,119.467,279.82,42.3938
2023-07-05,189.036,334.253,130.38,121.31,282.48,42.2978
2023-07-06,189.509,337.337,128.36,119.676,276.54,42.0838
2023-07-07,188.393,333.333,129.78,119.049,274.43,42.4838
2023-07-10,186.347,328.005,127.13,116.03,269.61,42.1608
2023-07-11,185.825,328.638,128.78,116.717,269.79,42.3858
2023-07-12,187.495,333.314,130.8,118.501,271.99,43.882
2023-07-13,188.256,338.71,134.3,124.09,277.9,45.9561
2023-07-14,188.403,341.261,134.68,124.967,281.38,45.4485
2023-07-17,191.662,341.745,133.56,124.2,290.38,46.4399
2023-07-18,191.406,355.346,132.83,123.313,293.34,47.4724
2023-07-19,192.761,350.987,135.36,121.589,291.26,47.0557
2023-07-20,190.813,342.872,129.96,118.769,262.9,45.4994
2023-07-21,189.638,339.808,130.0,119.586,260.02,44.2888
2023-07-24,190.439,341.132,128.8,121.091,269.06,44.5917
2023-07-25,191.3,346.935,129.13,121.768,265.28,45.6584
2023-07-26,192.168,333.876,128.15,128.803,264.35,45.4315
2023-07-27,190.901,326.909,128.25,128.933,255.71,45.8791
2023-07-28,193.482,334.47,132.21,132.102,266.44,46.7288
2023-07-31,194.094,332.048,133.68,132.24,267.43,46.7078
2023-08-01,193.258,332.464,131.69,131.075,261.07,46.4859
2023-08-02,190.271,323.725,128.21,127.916,254.11,44.249
2023-08-03,188.877,322.896,128.91,127.986,259.32,44.4947
2023-08-04,179.809,324.0,139.57,127.647,253.86,44.6597
2023-08-07,176.706,326.306,142.22,131.055,251.45,45.396
2023-08-08,177.644,322.292,139.94,130.925,249.7,44.6437
2023-08-09,176.054,318.516,137.85,129.191,242.19,42.5348
2023-08-10,175.836,319.208,138.56,129.221,245.34,42.3688
2023-08-11,175.895,317.31,138.41,129.092,242.65,40.8364
2023-08-14,177.548,320.305,140.57,130.855,239.76,43.7332
2023-08-15,175.559,318.149,137.67,129.311,232.96,43.92
2023-08-16,174.688,317.378,135.07,128.235,225.6,43.4663
2023-08-17,172.146,313.891,133.98,129.451,219.22,43.3238
2023-08-18,172.63,313.494,133.22,126.999,215.49,43.2793
2023-08-21,173.965,318.844,134.68,127.906,231.28,46.9457
2023-08-22,175.342,319.419,134.25,128.614,233.19,45.6474
2023-08-23,179.188,323.917,135.52,131.892,236.86,47.0947
2023-08-24,174.501,316.953,131.84,129.311,230.04,47.1417
2023-08-25,176.707,319.934,133.26,129.411,238.59,45.9971
2023-08-28,178.269,320.646,133.14,130.537,238.82,46.8138
2023-08-29,182.158,325.312,134.91,134.084,257.18,48.7618
2023-08-30,185.649,325.688,135.07,135.389,256.9,49.2417
2023-08-31,185.869,324.668,138.01,135.679,258.08,49.3326
2023-09-01,187.441,325.56,138.12,135.169,245.01,48.487
2023-09-05,187.679,330.404,137.27,135.279,256.49,48.5259
2023-09-06,180.959,329.74,135.36,133.974,251.92,47.0436
2023-09-07,175.667,326.798,137.85,134.772,251.49,46.2237
2023-09-08,176.281,331.116,138.23,135.887,248.5,45.5552
2023-09-11,177.448,334.751,143.1,136.426,273.58,45.1612
2023-09-12,174.422,328.64,141.23,134.851,267.48,44.8534
2023-09-13,172.354,332.89,144.85,136.216,271.3,45.4682
2023-09-14,173.867,335.505,144.72,137.601,276.04,45.5642
2023-09-15,173.144,327.105,140.39,136.903,274.39,43.8836
2023-09-18,176.073,325.956,139.98,137.711,265.28,43.9496
2023-09-19,177.161,325.55,137.63,137.541,266.5,43.5039
2023-09-20,173.62,317.744,135.29,133.257,262.59,42.2233
2023-09-21,172.077,316.515,129.33,129.968,255.7,41.0018
2023-09-22,172.928,314.019,129.12,129.78,244.88,41.5944
2023-09-25,174.202,314.544,131.27,130.636,246.99,42.2063
2023-09-26,170.127,309.196,125.98,128.101,244.12,41.8954
2023-09-27,168.614,309.839,125.98,130.068,240.5,42.4523
2023-09-28,168.869,310.681,125.98,131.832,246.38,43.073
2023-09-29,169.386,312.771,127.12,130.388,250.22,43.4829
2023-10-02,171.897,318.764,129.46,133.685,251.6,44.7654
2023-10-03,170.562,310.434,124.72,131.952,246.53,43.5009
2023-10-04,171.808,315.946,127.0,134.752,261.16,44.0246
2023-10-05,173.046,316.348,125.96,134.582,260.05,44.6714
2023-10-06,175.598,324.173,127.96,137.083,260.53,45.745
2023-10-09,177.081,326.708,128.26,137.92,259.67,45.2562
2023-10-10,176.489,325.293,129.48,137.561,263.62,45.781
2023-10-11,177.883,329.285,131.83,140.043,262.99,46.7887
2023-10-12,178.784,328.036,132.33,138.468,258.87,46.9276
2023-10-13,176.942,324.638,129.79,136.864,251.12,45.4442
2023-10-16,176.817,329.501,132.55,138.593,253.92,46.0778
2023-10-17,175.263,328.927,131.47,139.215,254.85,43.9216
2023-10-18,173.965,326.995,128.13,137.461,242.68,42.1803
2023-10-19,173.59,328.195,128.4,137.253,220.11,42.0853
2023-10-20,171.037,323.588,125.17,135.111,211.99,41.3717
2023-10-23,171.156,326.213,126.56,136.007,212.08,42.959
2023-10-24,171.592,327.412,128.56,138.308,216.52,43.6469
2023-10-25,169.277,337.457,121.39,125.157,212.42,41.7634
2023-10-26,165.112,324.797,119.57,121.838,205.76,40.3111
2023-10-27,166.427,326.698,127.74,121.728,207.3,40.4849
2023-10-30,168.476,334.129,132.71,124.01,197.36,41.1458
2023-10-31,168.949,334.921,133.09,123.632,200.84,40.7649
2023-11-01,172.116,342.806,137.0,125.994,205.66,42.3093
2023-11-02,175.677,345.033,138.07,127.029,218.51,43.4899
2023-11-03,174.767,349.471,138.6,128.634,219.96,44.9883
2023-11-06,177.32,353.167,139.74,129.78,219.27,45.734
2023-11-07,179.884,357.129,142.71,130.497,222.18,45.9379
2023-11-08,180.939,359.774,142.08,131.363,222.11,46.5567
2023-11-09,180.467,357.288,140.6,129.77,209.98,46.9326
2023-11-10,184.655,366.183,143.56,132.111,214.65,48.3171
2023-11-13,183.071,363.221,142.59,131.613,223.71,48.6019
2023-11-14,185.686,366.778,145.8,133.137,237.41,49.6376
2023-11-15,186.25,366.927,143.2,134.134,242.84,48.8698
2023-11-16,187.935,373.379,142.83,136.436,233.59,49.4617
2023-11-17,187.915,367.104,145.18,134.821,234.3,49.2798
2023-11-20,189.659,374.638,146.13,135.758,235.6,50.3903
2023-11-21,188.856,370.301,143.9,136.476,241.2,49.9255
2023-11-22,189.52,375.046,146.71,137.99,234.21,48.6978
2023-11-24,188.193,374.628,146.74,136.196,235.45,47.7583
2023-11-27,188.014,375.8,147.73,135.917,236.08,48.2241
2023-11-28,188.618,379.86,147.03,136.704,246.72,47.8033
2023-11-29,187.599,376.038,146.32,134.502,244.14,48.1221
2023-11-30,188.173,376.098,146.09,132.052,240.08,46.7527
2023-12-01,189.45,371.731,147.03,131.383,238.83,46.7477
2023-12-04,187.659,366.401,144.84,128.803,235.58,45.4932
2023-12-05,191.61,369.755,146.88,130.517,238.72,46.5528
2023-12-06,190.521,366.062,144.52,129.551,239.37,45.4902
2023-12-07,192.451,368.196,146.88,136.436,242.64,46.5828
2023-12-08,193.879,371.451,147.42,134.502,243.84,47.4925
2023-12-11,191.373,368.544,145.89,132.809,239.74,46.6138
2023-12-12,192.889,371.601,147.48,132.042,237.01,47.6435
2023-12-13,196.108,371.591,148.84,132.092,239.29,48.0744
2023-12-14,196.257,363.214,147.42,131.463,251.05,48.3363
2023-12-15,195.722,367.978,149.97,132.121,253.5,48.8761
2023-12-18,194.058,369.884,154.07,135.309,252.08,50.0628
2023-12-19,195.098,370.489,153.79,136.156,257.22,49.59
2023-12-20,193.007,367.87,152.12,137.84,247.14,48.0973
2023-12-21,192.86,370.768,153.84,139.913,254.5,48.9761
2023-12-22,191.788,371.801,153.42,140.979,252.54,48.8161
2023-12-26,191.245,371.879,153.41,141.009,256.61,49.2651
2023-12-27,191.345,371.294,153.34,139.863,261.44,49.403
2023-12-28,191.768,372.494,153.38,139.723,253.18,49.508
2023-12-29,190.729,373.249,151.94,139.185,248.48,49.508
2024-01-02,183.903,368.116,149.93,137.671,248.42,48.1543
2024-01-03,182.527,367.85,148.47,138.418,238.45,47.5555
2024-01-04,180.207,365.209,144.57,135.897,237.93,47.9844
2024-01-05,179.485,365.02,145.24,135.239,237.49,49.0831
2024-01-08,183.824,371.909,149.1,138.338,240.45,52.2381
2024-01-09,183.409,373.0,151.37,140.44,234.96,53.1249
2024-01-10,184.448,379.929,153.73,141.767,233.94,54.3346
2024-01-11,183.853,381.776,155.18,141.567,227.22,54.8064
2024-01-12,184.18,385.587,154.62,142.134,218.89,54.6944
2024-01-16,181.912,387.374,153.16,141.975,219.91,56.3661
2024-01-17,180.97,386.579,151.71,140.959,215.55,56.0371
2024-01-18,186.865,390.946,153.5,142.962,211.88,57.0908
2024-01-19,189.768,395.711,155.34,145.851,212.19,59.4741
2024-01-22,192.077,393.566,154.78,145.463,208.8,59.6371
2024-01-23,193.354,395.939,156.02,146.508,209.14,59.8561
2024-01-24,192.68,399.572,156.87,148.163,207.83,61.3447
2024-01-25,192.353,401.865,157.75,151.322,182.63,61.5995
2024-01-26,190.62,400.931,159.12,151.636,183.25,61.0137
2024-01-29,189.936,406.68,161.26,152.956,190.93,62.4474
2024-01-30,186.279,405.558,159.0,150.913,191.59,62.7562
2024-01-31,182.674,394.628,155.2,139.594,187.29,61.5095
2024-02-01,185.113,400.783,159.28,140.65,188.86,63.0091
2024-02-02,184.113,408.168,171.81,141.866,187.91,66.1412
2024-02-05,185.926,402.639,170.31,143.161,181.06,69.3123
2024-02-06,187.53,402.48,169.15,143.579,185.1,68.2037
2024-02-07,187.639,410.977,170.53,145.014,187.58,70.0791
2024-02-08,186.558,411.037,169.84,145.383,189.56,69.6212
2024-02-09,187.321,417.428,174.45,148.462,193.57,72.1125
2024-02-12,185.636,412.178,172.34,146.998,188.13,72.2275
2024-02-13,183.542,403.305,168.64,144.616,184.02,72.1075
2024-02-14,182.659,407.203,170.98,145.413,188.71,73.879
2024-02-15,182.372,404.289,169.8,142.254,200.45,72.6374
2024-02-16,180.835,401.803,169.51,140.013,199.95,72.5924
2024-02-20,180.089,400.54,167.08,140.61,193.76,69.4323
2024-02-21,180.845,399.933,168.59,142.035,194.77,67.4529
2024-02-22,182.878,409.351,174.58,143.569,197.41,78.5158
2024-02-23,181.042,408.047,174.99,143.44,191.97,78.7947
2024-02-26,179.695,405.263,174.73,137.073,199.4,79.0696
2024-02-27,181.152,405.203,173.54,138.378,199.73,78.6787
2024-02-28,179.953,405.442,173.16,135.887,202.04,77.6411
2024-02-29,179.286,411.329,176.76,137.96,201.88,79.0896
2024-03-01,178.207,413.179,178.22,136.644,202.64,82.2556
2024-03-04,173.684,412.602,177.58,132.868,188.14,85.2128
2024-03-05,168.744,400.401,174.12,132.191,180.74,85.9436
2024-03-06,167.752,399.844,173.51,130.925,176.54,88.679
2024-03-07,167.633,406.854,176.82,133.895,178.65,92.6471
2024-03-08,169.349,403.95,175.35,134.921,175.34,87.5073
2024-03-11,171.353,402.261,171.96,137.173,177.77,85.7538
2024-03-12,171.827,412.959,175.39,138.0,177.54,91.8913
2024-03-13,169.744,412.782,176.555,139.285,169.48,90.8664
2024-03-14,171.6,422.844,178.75,142.584,162.5,87.9232
2024-03-15,171.223,414.093,174.42,140.67,163.57,87.8157
2024-03-18,172.315,414.989,174.48,147.147,173.8,88.434
2024-03-19,174.655,419.055,175.9,146.498,171.32,89.3769
2024-03-20,177.224,422.854,178.15,148.202,175.66,90.3507
2024-03-21,169.983,426.971,178.15,147.067,172.82,91.4134
2024-03-22,170.885,426.345,178.87,150.225,170.83,94.2667
2024-03-25,169.468,420.498,179.71,149.528,172.63,94.9796
2024-03-26,168.337,419.295,178.3,150.126,177.67,92.5391
2024-03-27,171.907,419.075,179.83,150.325,179.83,90.2287
2024-03-28,170.092,418.37,180.38,150.385,175.79,90.3347
2024-04-01,168.655,422.199,180.97,154.928,175.22,90.3417
2024-04-02,167.474,419.085,180.69,154.002,166.63,89.4308
2024-04-03,168.277,418.101,182.41,154.36,168.38,88.943
2024-04-04,167.454,415.546,180.0,149.986,171.11,85.8847
2024-04-05,168.207,423.143,185.07,151.949,164.9,87.9872
2024-04-08,167.087,422.287,185.32,154.29,172.98,87.1123
2024-04-09,168.297,423.898,185.67,156.034,176.88,85.3338
2024-04-10,166.422,420.896,185.95,155.576,171.76,87.0185
2024-04-11,173.624,425.539,189.05,158.834,174.6,90.5946
2024-04-12,175.121,419.542,186.13,157.16,171.05,88.1652
2024-04-15,171.293,411.329,183.62,154.3,161.48,85.9806
2024-04-16,168.009,412.264,183.32,153.843,157.11,87.3943
2024-04-17,166.64,409.538,181.28,154.908,155.45,84.0151
2024-04-18,165.688,402.011,179.22,155.446,149.93,84.651
2024-04-19,163.596,396.89,174.62,153.553,147.0101,76.182
2024-04-22,164.499,398.72,177.23,155.716,142.05,79.4992
2024-04-23,165.549,405.293,179.54,157.689,144.68,82.4035
2024-04-24,167.653,406.775,176.59,158.555,162.13,79.6582
2024-04-25,168.517,396.811,173.67,155.437,170.18,82.6124
2024-04-26,167.93,404.049,179.62,171.329,168.29,87.7143
2024-04-29,172.096,400.003,180.96,165.55,194.05,87.7363
2024-04-30,168.951,387.155,175.0,162.192,183.28,86.3815
2024-05-01,167.93,392.734,179.0,163.268,179.99,83.0214
2024-05-02,171.63,395.618,184.72,166.018,180.01,85.7968
2024-05-03,181.896,404.389,186.21,166.636,181.19,88.768
2024-05-06,180.239,411.229,188.7,167.492,184.76,92.1182
2024-05-07,180.923,407.053,188.76,170.631,177.81,90.5327
2024-05-08,181.261,408.247,188.0,168.769,174.72,90.3907
2024-05-09,183.077,410.017,189.5,169.346,171.97,88.726
2024-05-10,181.814,412.422,187.48,168.041,168.47,89.8567
2024-05-13,185.025,411.409,186.57,168.529,171.89,90.3777
2024-05-14,186.166,414.233,187.07,169.725,177.55,91.3344
2024-05-15,188.44,421.475,185.99,171.887,173.99,94.6076
2024-05-16,188.56,419.394,183.63,173.55,174.84,94.3367
2024-05-17,188.589,418.616,184.7,175.424,177.46,92.4571
2024-05-20,189.751,423.727,183.54,176.281,174.95,94.7576
2024-05-21,191.053,427.412,183.15,177.208,186.6,95.3634
2024-05-22,189.612,428.887,183.13,175.744,180.11,94.9276
2024-05-23,185.619,425.381,181.05,172.923,173.74,103.774
2024-05-24,188.698,428.528,180.75,174.357,179.24,106.444
2024-05-28,188.708,428.688,182.15,175.764,176.75,113.874
2024-05-29,189.006,427.542,182.02,175.264,176.19,114.798
2024-05-30,189.999,413.097,179.32,171.488,178.79,110.474
2024-05-31,190.953,413.555,176.44,171.877,178.08,109.607
2024-06-03,192.721,411.951,178.34,172.544,176.29,114.973
2024-06-04,193.039,414.491,179.34,173.163,174.77,116.409
2024-06-05,194.548,422.402,181.28,174.777,175.0,122.412
2024-06-06,193.169,422.909,185.0,176.091,177.94,120.97
2024-06-07,195.561,422.242,184.3,173.83,177.48,120.86
2024-06-10,191.817,426.247,187.06,174.578,173.79,121.762
2024-06-11,205.754,431.039,187.23,176.184,170.66,120.892
2024-06-12,211.634,439.387,186.89,177.351,177.29,125.18
2024-06-13,212.794,439.905,183.83,174.728,182.47,129.59
2024-06-14,211.056,440.891,183.66,176.354,178.01,131.86
2024-06-17,215.209,446.669,184.06,176.802,187.44,130.96
2024-06-18,212.844,444.647,182.81,174.658,184.86,135.559
2024-06-20,208.265,444.009,186.1,175.864,181.57,130.76
2024-06-21,206.09,448.074,189.08,179.187,183.01,126.55
2024-06-24,206.736,445.972,185.57,178.777,182.58,118.092
2024-06-25,207.659,449.24,186.34,183.576,187.35,126.07
2024-06-26,211.811,450.444,193.61,183.426,196.37,126.38
2024-06-27,212.655,451.132,197.85,184.952,197.42,123.97
2024-06-28,209.198,445.255,193.25,181.701,197.88,123.52
2024-07-01,215.286,454.997,197.2,182.539,209.86,124.28
2024-07-02,218.783,457.538,200.0,184.783,231.26,122.652
2024-07-03,220.056,459.022,197.59,185.362,246.39,128.26
2024-07-05,224.814,465.787,200.0,190.129,251.52,125.81
2024-07-08,226.284,464.471,199.29,188.563,252.94,128.18
2024-07-09,227.138,457.797,199.34,188.514,262.33,131.36
2024-07-10,231.409,464.481,199.79,190.708,263.26,134.889
2024-07-11,226.035,452.975,195.05,185.112,241.03,127.38
2024-07-12,228.984,451.83,194.49,184.613,248.23,129.22
2024-07-15,232.819,452.238,192.72,186.07,252.64,128.42
2024-07-16,233.237,447.815,193.02,183.466,256.56,126.34
2024-07-17,227.336,441.838,187.93,180.573,248.5,117.972
2024-07-18,222.667,438.7,183.75,177.252,249.23,121.072
2024-07-19,222.797,435.452,183.13,177.222,239.2,117.912
2024-07-22,222.449,441.26,182.55,181.221,251.51,123.52
2024-07-23,223.491,443.163,186.41,181.341,246.38,122.572
2024-07-24,217.066,427.273,180.83,172.204,215.99,114.232
2024-07-25,216.024,416.813,179.85,166.867,220.25,112.262
2024-07-26,216.49,423.657,182.5,166.588,219.8,113.042
2024-07-29,216.768,425.111,183.2,169.111,232.1,111.572
2024-07-30,217.323,421.316,181.71,169.869,222.62,103.714
2024-07-31,220.581,416.763,186.98,171.117,232.07,117.002
2024-08-01,216.888,415.528,184.07,170.339,216.86,109.193
2024-08-02,218.377,406.94,167.9,166.248,207.67,107.254
2024-08-05,207.859,393.651,161.02,158.857,198.88,100.434
2024-08-06,205.832,398.094,161.93,157.899,200.64,104.234
2024-08-07,208.404,396.919,162.77,158.547,191.76,98.8947
2024-08-08,211.871,401.162,165.8,161.63,198.84,104.954
2024-08-09,214.782,404.48,166.94,163.266,200.0,104.734
2024-08-12,216.312,405.267,166.8,161.889,197.49,109.003
2024-08-13,220.032,412.439,170.23,163.754,207.83,116.122
2024-08-14,220.479,415.279,170.1,159.974,201.38,118.062
2024-08-15,223.461,420.189,177.59,160.902,214.14,122.841
2024-08-16,224.786,417.634,177.06,162.558,216.12,124.56
2024-08-19,224.626,420.688,178.22,166.258,222.72,129.98
2024-08-20,225.243,423.951,178.88,166.767,221.1,127.23
2024-08-21,225.133,423.293,180.11,165.44,223.27,128.48
2024-08-22,223.274,414.72,176.13,163.396,210.66,123.72
2024-08-23,225.571,415.957,177.04,165.212,220.32,129.35
2024-08-26,225.908,412.664,175.5,165.75,213.21,126.44
2024-08-27,226.753,413.013,173.12,164.274,209.21,128.28
2024-08-28,225.223,409.78,170.8,162.448,205.75,125.59
2024-08-29,228.503,412.295,172.12,161.381,206.28,117.572
2024-08-30,227.718,416.307,178.5,162.976,214.11,119.352
2024-09-03,221.523,408.622,176.25,156.971,210.6,107.984
2024-09-04,219.614,408.083,173.33,156.064,219.41,106.194
2024-09-05,221.136,407.574,177.89,156.852,230.17,107.194
2024-09-06,219.584,400.898,171.39,150.547,210.73,102.814
2024-09-09,219.673,404.91,175.4,148.54,216.27,106.454
2024-09-10,218.878,413.373,179.55,148.49,226.17,108.084
2024-09-11,221.413,422.195,184.52,150.987,228.13,116.892
2024-09-12,221.523,426.147,187.0,154.513,229.81,119.132
2024-09-13,221.255,429.73,186.49,157.28,230.29,119.092
2024-09-16,215.109,430.478,184.89,157.879,226.78,116.772
2024-09-17,215.577,434.281,186.88,159.138,227.87,115.582
2024-09-18,219.455,429.949,186.43,159.627,227.2,113.362
2024-09-19,227.588,437.814,189.87,161.954,243.92,117.862
2024-09-20,226.923,434.4,191.6,163.403,238.25,115.992
2024-09-23,225.203,432.644,193.88,161.665,250.0,116.252
2024-09-24,226.098,428.313,193.96,162.104,254.27,120.862
2024-09-25,225.103,431.247,192.53,161.305,257.02,123.501
2024-09-26,226.247,430.448,191.16,162.544,254.22,124.031
2024-09-27,226.515,427.165,187.97,163.762,260.46,121.392
2024-09-30,231.696,429.44,186.33,165.66,261.63,121.432
2024-10-01,224.943,419.85,185.13,166.799,258.02,116.992
2024-10-02,225.511,416.297,184.76,165.67,249.02,118.842
2024-10-03,224.406,415.708,181.96,165.67,240.66,122.842
2024-10-04,225.531,415.229,186.51,166.869,250.08,124.911
2024-10-07,220.449,408.722,180.8,162.793,240.83,127.711
2024-10-08,224.506,413.882,182.72,164.192,244.5,132.881
2024-10-09,228.256,416.626,185.17,161.675,241.05,132.641
2024-10-10,227.758,415.009,186.65,161.894,238.77,134.801
2024-10-11,226.277,415.488,188.82,163.053,217.8,134.791
2024-10-14,230.006,418.303,187.54,164.771,219.16,138.06
2024-10-15,232.541,417.904,187.69,165.271,219.57,131.591
2024-10-16,230.483,415.289,186.89,164.971,221.33,135.711
2024-10-17,230.851,415.888,187.53,162.743,220.89,136.921
2024-10-18,233.685,417.325,188.99,163.233,220.7,137.99
2024-10-21,235.157,417.943,189.07,163.882,218.85,143.7
2024-10-22,234.541,426.656,189.7,164.951,217.97,143.58
2024-10-23,229.468,423.752,184.71,162.594,213.65,139.55
2024-10-24,229.281,423.882,186.38,162.534,260.48,140.4
2024-10-25,230.116,427.295,187.83,165.081,269.19,141.53
2024-10-28,232.093,425.738,188.39,166.529,262.51,140.51
2024-10-29,232.363,431.087,190.83,169.486,259.52,141.24
2024-10-30,228.812,431.666,192.73,174.26,257.55,139.325
2024-10-31,224.646,405.538,186.4,170.914,249.85,132.751
2024-11-01,221.662,409.55,197.93,171.094,248.98,135.361
2024-11-04,220.767,407.644,195.78,169.046,242.84,136.041
2024-11-05,222.2,410.638,199.5,169.546,251.44,139.9
2024-11-06,221.473,419.341,207.09,176.308,288.53,145.6
2024-11-07,226.207,424.58,210.05,180.543,296.91,148.87
2024-11-08,225.938,421.696,208.18,178.146,321.22,147.62
2024-11-11,223.221,417.175,206.84,180.144,350.0,145.25
2024-11-12,223.221,422.185,208.91,181.412,328.49,148.28
2024-11-13,224.107,424.351,214.1,178.675,330.24,146.26
2024-11-14,227.192,426.037,211.48,175.379,311.18,146.75
2024-11-15,223.988,414.171,202.61,172.293,320.72,141.97
2024-11-18,226.994,414.929,201.7,175.099,338.74,140.14
2024-11-19,227.252,416.955,204.61,177.916,346.0,147.0
2024-11-20,227.968,414.66,202.88,175.779,342.03,145.88
2024-11-21,227.491,412.87,198.38,167.438,339.64,146.66
2024-11-22,228.835,417.0,197.12,164.571,352.56,141.94
2024-11-25,231.821,418.79,201.45,167.458,338.59,136.011
2024-11-26,234.001,427.99,207.86,168.926,338.23,136.911
2024-11-27,233.872,422.99,205.74,169.036,332.89,135.331
2024-11-29,236.262,423.46,207.89,168.757,345.16,138.24
2024-12-02,238.512,430.98,210.71,171.294,357.09,138.62
2024-12-03,241.559,431.2,213.44,171.144,351.42,140.25
2024-12-04,241.915,437.42,218.16,174.17,357.93,145.13
2024-12-05,241.945,442.62,220.55,172.442,369.49,145.06
2024-12-06,241.746,443.57,227.03,174.51,389.22,142.44
2024-12-09,245.639,446.02,226.09,175.37,389.79,138.81
2024-12-10,246.655,443.33,225.04,185.17,400.99,135.07
2024-12-11,245.38,448.99,230.26,195.4,424.77,139.31
2024-12-12,246.845,449.56,228.97,191.96,418.1,137.34
2024-12-13,247.012,447.27,227.46,189.82,436.23,134.25
2024-12-16,249.91,451.59,232.93,196.66,463.02,132.0
2024-12-17,252.338,454.46,231.15,195.42,479.86,130.39
2024-12-18,246.934,437.39,220.52,188.4,440.13,128.91
2024-12-19,248.666,437.03,223.29,188.51,436.17,130.68
2024-12-20,253.344,436.6,224.92,191.41,421.06,134.7
2024-12-23,254.121,435.25,225.06,194.63,430.6,139.67
2024-12-24,257.037,439.33,229.05,196.11,462.28,140.22
2024-12-26,257.854,438.11,227.05,195.6,454.13,139.93
2024-12-27,254.439,430.53,223.75,192.76,431.66,137.01
2024-12-30,251.065,424.83,221.3,191.24,417.41,137.49
2024-12-31,249.292,421.5,219.39,189.3,403.84,134.29
2025-01-02,242.752,418.58,220.22,189.43,379.28,138.31
2025-01-03,242.265,423.35,224.19,191.79,410.44,144.47
2025-01-06,243.897,427.85,227.61,196.87,411.05,149.43
2025-01-07,241.119,422.37,222.11,195.49,394.36,140.14
2025-01-08,241.608,424.56,222.13,193.95,394.94,140.11
2025-01-10,235.783,418.95,218.94,192.04,394.74,135.91
2025-01-13,233.345,417.19,218.46,191.01,403.31,133.23
2025-01-14,232.23,415.67,217.76,189.66,396.36,131.76
2025-01-15,236.799,426.31,223.35,195.55,428.22,136.24
2025-01-16,227.232,424.58,220.66,192.91,413.82,133.57
2025-01-17,228.944,429.03,225.94,196.0,426.5,137.71
2025-01-21,221.637,428.5,230.71,198.05,424.07,140.83
2025-01-22,222.822,446.2,235.01,198.37,415.11,147.07
2025-01-23,222.652,446.71,235.42,197.98,412.38,147.22
2025-01-24,221.777,444.06,234.85,200.21,406.58,142.62
2025-01-27,228.825,434.56,235.42,191.81,397.15,118.42
2025-01-28,237.187,447.2,238.15,195.3,398.09,128.99
2025-01-29,238.282,442.33,237.07,195.41,389.1,123.7
2025-01-30,236.52,414.99,234.64,200.87,400.28,124.65
2025-01-31,234.937,415.06,237.68,204.02,404.6,120.07
2025-02-03,226.984,410.92,237.42,201.23,383.68,116.66
2025-02-04,231.751,412.37,242.06,206.38,392.21,118.65
2025-02-05,231.424,413.29,236.17,191.33,378.17,124.83
2025-02-06,232.17,415.82,238.83,191.6,374.32,128.68
2025-02-07,226.605,409.75,229.15,185.34,361.62,129.84
2025-02-10,226.874,412.22,233.14,186.47,350.73,133.57
2025-02-11,231.827,411.44,232.76,185.32,328.5,132.8
2025-02-12,236.063,409.04,228.93,183.61,336.51,131.14
2025-02-13,240.708,410.54,230.37,186.14,355.94,135.29
2025-02-14,243.767,408.43,228.68,185.23,355.84,138.85
2025-02-18,243.637,409.64,226.65,183.77,354.11,139.4
2025-02-19,244.035,414.77,226.63,185.27,360.56,139.23
2025-02-20,244.993,416.13,222.88,184.56,354.4,140.11
2025-02-21,244.713,408.21,216.58,179.66,337.8,134.43
2025-02-24,246.329,404.0,212.71,179.32,330.4,130.28
2025-02-25,246.197,397.9,212.8,175.42,302.8,126.63
2025-02-26,239.541,399.73,214.35,172.73,290.8,131.28
2025-02-27,236.491,392.53,208.74,168.5,281.95,120.15
2025-02-28,241.015,396.99,212.28,170.28,292.98,124.92
2025-03-03,237.219,388.49,205.02,167.01,284.65,114.06
2025-03-04,235.126,388.61,203.8,170.92,272.04,115.99
2025-03-05,234.936,401.02,208.36,173.02,279.1,117.3
2025-03-06,234.529,396.89,200.7,172.35,263.45,110.57
2025-03-07,238.255,393.31,199.25,173.86,262.67,112.69
2025-03-10,226.704,380.16,194.54,165.87,222.15,106.98
2025-03-11,220.088,380.45,196.59,164.04,230.58,108.76
2025-03-12,216.24,383.27,198.89,167.11,248.09,115.74
2025-03-13,208.965,378.77,193.89,162.76,240.68,115.58
2025-03-14,212.762,388.56,197.95,165.49,249.98,121.67
2025-03-17,213.271,388.7,195.74,164.29,238.01,119.53
2025-03-18,211.965,383.52,192.82,160.67,225.31,115.43
2025-03-19,214.506,387.82,195.54,163.89,235.86,117.52
2025-03-20,213.371,386.84,194.95,162.8,236.26,118.53
2025-03-21,217.526,391.26,196.21,163.99,248.71,117.7
2025-03-24,219.978,393.08,203.26,167.68,278.39,121.41
2025-03-25,222.988,395.16,205.71,170.56,288.14,120.69
2025-03-26,220.775,389.97,201.13,165.06,272.06,113.76
2025-03-27,223.088,390.58,201.36,162.24,273.13,111.43
2025-03-28,217.157,378.8,192.72,154.33,263.55,109.67
2025-03-31,221.373,375.39,190.26,154.64,259.16,108.38
2025-04-01,222.429,382.19,192.17,157.07,268.46,110.15
2025-04-02,223.128,382.14,196.01,157.04,282.76,110.42
2025-04-03,202.498,373.11,178.41,150.72,267.28,101.8
2025-04-04,187.738,359.84,171.0,145.6,239.43,94.31
2025-04-07,180.842,357.86,175.26,146.75,233.29,97.64
2025-04-08,171.832,354.56,170.66,144.7,221.86,96.3
2025-04-09,198.173,390.49,191.1,158.71,272.2,114.33
2025-04-10,189.771,381.35,181.22,152.82,252.4,107.57
2025-04-11,197.475,388.45,184.87,157.14,252.31,110.93
2025-04-14,201.83,387.81,182.12,159.07,252.35,110.71
2025-04-15,201.451,385.73,179.59,156.31,254.11,112.2
2025-04-16,193.608,371.61,174.33,153.33,241.55,104.49
2025-04-17,196.309,367.78,172.61,151.16,241.37,101.49
2025-04-21,192.501,359.12,167.32,147.67,227.5,96.91
2025-04-22,199.059,366.82,173.18,151.47,237.97,98.89
2025-04-23,203.902,374.39,180.6,155.35,250.74,102.71
2025-04-24,207.66,387.3,186.54,159.28,259.51,106.43
2025-04-25,208.567,391.85,188.99,161.96,284.95,111.01
2025-04-28,209.424,391.16,187.7,160.61,285.88,108.73
2025-04-29,210.49,394.04,187.39,160.16,292.03,109.02
2025-04-30,211.776,395.26,184.42,158.8,282.16,108.92
2025-05-01,212.593,425.4,190.2,161.3,280.52,111.61
2025-05-02,204.651,435.28,189.98,164.03,287.21,114.5
2025-05-05,198.213,436.17,186.35,164.21,280.26,113.82
2025-05-06,197.833,433.31,185.01,163.23,275.35,113.54
2025-05-07,195.581,433.35,188.71,151.38,276.22,117.06
2025-05-08,196.816,438.17,192.08,154.28,284.82,117.37
2025-05-09,197.853,438.73,193.06,152.75,298.26,116.65
2025-05-12,210.347,449.26,208.64,158.46,318.38,123.0
2025-05-13,212.483,449.14,211.37,159.53,334.07,129.93
2025-05-14,211.884,452.94,210.25,165.37,347.68,135.34
2025-05-15,211.005,453.13,205.17,163.96,342.82,134.83
2025-05-16,210.817,454.27,205.59,166.19,349.98,135.4
2025-05-19,208.341,458.87,206.16,166.54,342.09,135.57
2025-05-20,206.425,458.17,204.07,163.98,343.82,134.38
2025-05-21,201.666,452.57,201.12,168.56,334.62,131.8
2025-05-22,200.937,454.86,203.1,170.87,341.04,132.83
2025-05-23,194.86,450.18,200.99,168.47,339.34,131.29
2025-05-27,199.789,460.69,206.02,172.9,362.89,135.5
2025-05-28,199.999,457.36,204.72,172.36,356.9,134.81
2025-05-29,199.53,458.68,205.7,171.86,358.43,139.19
2025-05-30,200.428,460.36,205.01,171.74,346.46,135.13
2025-06-02,201.276,461.97,206.65,169.03,342.69,137.38
2025-06-03,202.843,462.97,205.71,166.18,344.27,141.22
2025-06-04,202.394,463.87,207.23,168.05,332.05,141.92
2025-06-05,200.209,467.68,207.91,168.21,284.7,139.99
2025-06-06,203.492,470.38,213.57,173.68,295.14,141.72
2025-06-09,201.027,472.75,216.98,176.09,308.58,142.63
2025-06-10,202.244,470.92,217.61,178.6,326.09,143.96
2025-06-11,198.363,472.62,213.2,177.35,326.43,142.83
2025-06-12,198.781,478.87,213.24,175.7,319.11,145.0
2025-06-13,196.037,474.96,212.1,174.67,325.31,141.97
2025-06-16,198.003,479.14,216.1,176.77,329.13,144.69
2025-06-17,195.229,478.04,214.82,175.95,316.35,144.12
2025-06-18,196.167,480.24,212.52,173.32,322.05,145.48
2025-06-20,200.578,477.4,209.69,166.64,322.16,143.85
2025-06-23,201.077,486.0,208.47,165.19,348.68,144.17
2025-06-24,199.879,490.11,212.77,166.77,340.47,147.9
2025-06-25,201.137,492.27,211.99,170.68,327.55,154.31
2025-06-26,200.578,497.45,217.12,173.54,325.78,155.02
2025-06-27,200.657,495.94,223.3,178.53,323.63,157.75
2025-06-30,204.739,497.41,219.39,176.23,317.66,157.99
2025-07-01,207.383,492.05,220.46,175.84,300.71,153.3
2025-07-02,211.993,491.09,219.92,178.64,315.65,157.25
2025-07-03,213.101,498.84,223.41,179.53,315.35,159.34
2025-07-07,209.509,497.72,223.47,176.79,293.94,158.24
2025-07-08,209.569,496.62,219.36,174.36,297.81,160.0
2025-07-09,210.697,503.51,222.54,176.62,295.88,162.88
2025-07-10,211.964,501.48,222.26,177.62,309.87,164.1
2025-07-11,210.717,503.32,225.02,180.19,313.51,164.92
2025-07-14,208.182,503.02,225.69,181.56,316.9,164.07
2025-07-15,208.671,505.82,226.35,182.0,310.78,170.7
2025-07-16,209.719,505.62,223.19,182.97,321.67,171.37
2025-07-17,209.579,511.7,223.88,183.58,319.41,173.0
2025-07-18,210.737,510.05,226.13,185.06,329.65,172.41
2025-07-21,212.033,510.06,229.3,190.1,328.49,171.38
2025-07-22,213.95,505.27,227.47,191.34,332.11,167.03
2025-07-23,213.7,505.87,228.29,190.23,332.56,170.78
2025-07-24,213.311,510.88,232.23,192.17,305.3,173.74
2025-07-25,213.431,513.71,231.44,193.18,316.06,173.5
2025-07-28,213.6,512.5,232.79,192.58,325.59,176.75
2025-07-29,210.826,512.57,231.01,195.75,321.2,175.51
2025-07-30,208.611,513.24,230.19,196.53,319.04,179.27
2025-07-31,207.134,533.5,234.11,191.9,308.27,177.87
2025-08-01,201.955,524.11,214.75,189.13,302.63,173.72
2025-08-04,202.922,535.64,211.65,195.04,309.26,180.0
2025-08-05,202.494,527.75,213.75,194.67,308.72,178.26
2025-08-06,212.802,524.94,222.31,196.09,319.91,179.42
2025-08-07,219.568,520.84,223.13,196.52,322.27,180.77
2025-08-08,228.868,522.04,222.69,201.42,329.65,182.7
2025-08-11,226.96,521.77,221.3,201.0,339.03,182.06
2025-08-12,229.428,529.24,221.47,203.34,340.84,183.16
2025-08-13,233.104,520.58,224.56,201.96,339.38,181.59
2025-08-14,232.555,522.48,230.98,202.94,335.58,182.02
2025-08-15,231.366,520.17,231.03,203.9,330.56,180.45
2025-08-18,230.666,517.1,231.49,203.5,335.16,182.01
2025-08-19,230.337,509.77,228.01,201.57,329.31,175.64
2025-08-20,225.791,505.72,223.81,199.32,323.9,175.4
2025-08-21,224.682,504.24,221.95,199.75,320.11,174.98
2025-08-22,227.539,507.23,228.84,206.09,340.01,177.99
2025-08-25,226.94,504.26,227.94,208.49,346.6,179.81
2025-08-26,229.088,502.04,228.71,207.14,351.67,181.77
2025-08-27,230.267,506.74,229.12,207.48,349.6,181.6
2025-08-28,232.335,509.64,231.6,211.64,345.98,180.17
2025-08-29,231.915,506.69,229.0,212.91,333.87,174.18
2025-09-02,229.498,505.12,225.34,211.35,329.36,170.78
2025-09-03,238.239,505.35,225.99,230.66,334.09,170.62
2025-09-04,239.548,507.97,235.68,232.3,338.53,171.66
2025-09-05,239.458,495.0,232.33,235.0,350.84,167.02
2025-09-08,237.65,498.2,235.84,234.04,346.4,168.31
2025-09-09,234.123,498.41,238.24,239.63,346.97,170.76
2025-09-10,226.57,500.37,230.33,239.17,347.79,177.33
2025-09-11,229.807,501.01,229.95,240.37,368.81,177.17
2025-09-12,233.843,509.9,228.15,240.8,395.94,177.82
2025-09-15,236.471,515.36,231.43,251.61,410.04,177.75
2025-09-16,237.919,509.04,234.05,251.16,421.62,174.88
2025-09-17,238.759,510.02,231.62,249.53,425.86,170.29
2025-09-18,237.65,508.45,231.23,252.03,416.85,176.24
2025-09-19,245.262,517.93,231.48,254.72,426.07,176.67
2025-09-22,255.832,514.45,227.63,252.53,434.21,183.61
2025-09-23,254.184,509.23,220.71,251.66,425.85,178.43
2025-09-24,252.066,510.15,220.21,247.14,442.79,176.97
2025-09-25,256.621,507.03,218.15,245.79,423.39,177.69
2025-09-26,255.213,511.46,219.78,246.54,440.4,178.19
2025-09-29,254.184,514.6,222.17,244.05,443.21,181.85
2025-09-30,254.383,517.95,219.57,243.1,444.72,186.58
2025-10-01,255.203,519.71,220.63,244.9,459.46,187.24
2025-10-02,256.881,515.74,222.41,245.69,436.0,188.89
2025-10-03,257.77,517.35,219.51,245.35,429.83,187.62
2025-10-06,256.441,528.57,220.9,250.43,453.25,185.54
2025-10-07,256.232,523.98,221.78,245.76,433.09,185.04
2025-10-08,257.81,524.85,225.22,244.62,438.69,189.11
2025-10-09,253.794,522.4,227.74,241.53,435.54,192.57
2025-10-10,245.032,510.96,216.37,236.57,413.49,183.16
2025-10-13,247.42,514.05,220.07,244.15,435.9,188.32
2025-10-14,247.53,513.57,216.39,245.45,429.24,180.03
2025-10-15,249.099,513.43,215.57,251.03,435.15,179.83
2025-10-16,247.21,511.61,214.47,251.46,428.75,181.81
2025-10-17,252.046,513.58,213.04,253.3,439.31,183.22
2025-10-20,261.986,516.79,216.48,256.55,447.43,182.64
2025-10-21,262.516,517.66,222.03,250.46,442.6,181.16
2025-10-22,258.2,520.54,217.95,251.69,438.97,180.28
2025-10-23,259.329,520.56,221.09,253.08,448.98,182.16
2025-10-24,262.565,523.61,224.21,259.92,433.72,186.26
2025-10-27,268.55,531.52,226.97,269.27,452.42,191.49
2025-10-28,268.739,542.07,229.25,267.47,460.55,201.03
2025-10-29,269.439,541.55,230.3,274.57,461.51,207.04
2025-10-30,271.137,525.76,222.86,281.48,440.1,202.89
2025-10-31,270.108,517.81,244.22,281.19,456.56,202.49
2025-11-03,268.789,517.03,254.0,283.72,468.37,206.88
2025-11-04,269.778,514.33,249.32,277.54,444.26,198.69
2025-11-05,269.878,507.16,250.2,284.31,462.07,195.21
2025-11-06,269.509,497.1,243.04,284.75,445.91,188.08
2025-11-07,268.21,496.82,244.41,278.83,429.52,188.15
2025-11-10,269.43,506.0,248.4,290.1,445.23,199.05
2025-11-11,275.25,508.68,249.1,291.31,439.62,193.16
2025-11-12,273.47,511.14,244.2,286.71,430.6,193.8
2025-11-13,272.95,503.29,237.58,278.57,401.99,186.86
2025-11-14,272.41,510.18,234.69,276.41,404.35,190.17
2025-11-17,267.46,507.49,232.87,285.02,408.92,186.6
2025-11-18,267.44,493.79,222.55,284.28,401.25,181.36
2025-11-19,268.56,487.12,222.69,292.81,403.99,186.52
2025-11-20,266.25,478.43,217.14,289.45,395.23,180.64
2025-11-21,271.49,472.12,220.69,299.66,391.09,178.88
2025-11-24,275.92,474.0,226.28,318.58,417.78,182.55
2025-11-25,276.97,476.99,229.67,323.44,419.4,177.82
2025-11-26,277.55,485.5,229.16,319.95,426.58,180.26
2025-11-28,278.85,492.01,233.22,320.18,430.17,177.0
2025-12-01,283.1,486.74,233.88,314.89,430.14,179.92
2025-12-02,286.19,490.0,234.42,315.81,429.24,181.46
2025-12-03,284.15,477.73,232.38,319.63,446.74,179.59
2025-12-04,280.7,480.84,229.11,317.62,454.53,183.38
2025-12-05,278.78,483.16,229.53,321.27,455.0,182.41
2025-12-08,277.89,491.02,226.89,313.72,439.58,185.55
2025-12-09,277.18,492.02,227.92,317.08,445.17,184.97
2025-12-10,278.78,478.56,231.78,320.21,451.45,183.78
2025-12-11,278.03,483.47,230.28,312.43,446.89,180.93
2025-12-12,278.28,478.53,226.19,309.29,458.96,175.02
2025-12-15,274.11,474.82,222.54,308.22,475.31,176.29
2025-12-16,274.61,476.39,222.56,306.57,489.88,177.72
2025-12-17,271.84,476.12,221.27,296.72,467.26,170.94
2025-12-18,272.19,483.98,226.76,302.46,483.37,174.14
2025-12-19,273.67,485.92,227.35,307.16,481.2,180.99
2025-12-22,270.97,484.92,228.43,309.78,488.73,183.69
2025-12-23,272.36,486.85,232.14,314.35,485.56,189.21
2025-12-24,273.81,488.02,232.38,314.09,485.4,188.61
2025-12-26,273.4,487.71,232.52,313.51,475.19,190.53
2025-12-29,273.76,487.1,232.07,313.56,459.64,188.22
2025-12-30,273.08,487.48,232.53,313.85,454.43,187.54
2025-12-31,271.86,483.62,230.82,313.0,449.72,186.5
2026-01-02,271.01,472.94,226.5,315.15,438.07,188.85
2026-01-05,267.26,472.85,233.06,316.54,451.67,188.12
2026-01-06,262.36,478.51,240.93,314.34,432.96,187.24
2026-01-07,260.33,483.47,241.56,321.98,431.41,189.11
2026-01-08,259.04,478.11,246.29,325.44,435.8,185.04
2026-01-09,259.37,479.28,247.38,328.57,445.01,184.86
2026-01-12,260.25,477.18,246.47,331.86,448.96,184.94
2026-01-13,261.05,470.67,242.6,335.97,447.2,185.81
2026-01-14,259.96,459.38,236.65,335.84,439.2,183.14
2026-01-15,258.21,456.66,238.18,332.78,438.57,187.05
2026-01-16,255.53,459.86,239.12,330.0,437.5,186.23
2026-01-20,246.7,454.52,231.0,322.0,419.25,178.07
2026-01-21,247.65,444.11,231.31,328.38,431.44,183.32
2026-01-22,248.35,451.14,234.34,330.54,449.36,184.84
2026-01-23,248.04,465.95,239.16,327.93,449.06,187.67
2026-01-26,255.41,470.28,238.42,333.26,435.2,186.47
2026-01-27,258.27,480.58,244.68,334.55,430.9,188.52
2026-01-28,256.44,481.63,243.01,336.01,431.46,191.52
2026-01-29,258.28,433.5,241.73,338.25,416.56,192.51
2026-01-30,259.48,430.29,239.3,338.0,430.41,191.13
2026-02-02,270.01,423.37,242.96,343.69,421.81,185.61
2026-02-03,269.48,411.21,238.62,339.71,421.96,180.34
2026-02-04,276.49,414.19,232.99,333.04,406.01,174.19
2026-02-05,275.91,393.67,222.69,331.25,397.21,171.88
2026-02-06,278.12,401.14,210.32,322.86,411.11,185.41
2026-02-09,274.62,413.6,208.72,324.32,417.32,190.04
2026-02-10,273.68,413.27,206.96,318.58,425.21,188.54
2026-02-11,275.5,404.37,204.08,310.96,428.27,190.05
2026-02-12,261.73,401.84,199.6,309.0,417.07,186.94
2026-02-13,255.78,401.32,198.79,305.72,417.44,182.81
2026-02-17,263.88,396.86,201.15,302.02,410.63,184.97
2026-02-18,264.35,399.6,204.79,303.33,411.32,187.98
2026-02-19,260.58,398.46,204.86,302.85,411.71,187.9
2026-02-20,264.58,397.23,210.11,314.98,411.82,189.82
2026-02-23,266.18,384.47,205.27,311.49,399.83,191.55
2026-02-24,272.14,389.0,208.56,310.9,409.38,192.85
2026-02-25,274.23,400.6,210.64,312.9,417.4,195.56
2026-02-26,272.95,401.72,207.92,307.38,408.58,184.89
2026-02-27,264.18,392.74,210.0,311.76,402.51,177.19
2026-03-02,264.72,398.55,208.39,306.52,403.32,182.48
2026-03-03,263.47,404.62,207.48,300.75,391.66,179.3
